[{"model": "auth.permission", "pk": 1, "fields": {"name": "Can add log entry", "content_type": 1, "codename": "add_logentry"}}, {"model": "auth.permission", "pk": 2, "fields": {"name": "Can change log entry", "content_type": 1, "codename": "change_logentry"}}, {"model": "auth.permission", "pk": 3, "fields": {"name": "Can delete log entry", "content_type": 1, "codename": "delete_logentry"}}, {"model": "auth.permission", "pk": 4, "fields": {"name": "Can view log entry", "content_type": 1, "codename": "view_logentry"}}, {"model": "auth.permission", "pk": 5, "fields": {"name": "Can add permission", "content_type": 2, "codename": "add_permission"}}, {"model": "auth.permission", "pk": 6, "fields": {"name": "Can change permission", "content_type": 2, "codename": "change_permission"}}, {"model": "auth.permission", "pk": 7, "fields": {"name": "Can delete permission", "content_type": 2, "codename": "delete_permission"}}, {"model": "auth.permission", "pk": 8, "fields": {"name": "Can view permission", "content_type": 2, "codename": "view_permission"}}, {"model": "auth.permission", "pk": 9, "fields": {"name": "Can add group", "content_type": 3, "codename": "add_group"}}, {"model": "auth.permission", "pk": 10, "fields": {"name": "Can change group", "content_type": 3, "codename": "change_group"}}, {"model": "auth.permission", "pk": 11, "fields": {"name": "Can delete group", "content_type": 3, "codename": "delete_group"}}, {"model": "auth.permission", "pk": 12, "fields": {"name": "Can view group", "content_type": 3, "codename": "view_group"}}, {"model": "auth.permission", "pk": 13, "fields": {"name": "Can add user", "content_type": 4, "codename": "add_user"}}, {"model": "auth.permission", "pk": 14, "fields": {"name": "Can change user", "content_type": 4, "codename": "change_user"}}, {"model": "auth.permission", "pk": 15, "fields": {"name": "Can delete user", "content_type": 4, "codename": "delete_user"}}, {"model": "auth.permission", "pk": 16, "fields": {"name": "Can view user", "content_type": 4, "codename": "view_user"}}, {"model": "auth.permission", "pk": 17, "fields": {"name": "Can add content type", "content_type": 5, "codename": "add_contenttype"}}, {"model": "auth.permission", "pk": 18, "fields": {"name": "Can change content type", "content_type": 5, "codename": "change_contenttype"}}, {"model": "auth.permission", "pk": 19, "fields": {"name": "Can delete content type", "content_type": 5, "codename": "delete_contenttype"}}, {"model": "auth.permission", "pk": 20, "fields": {"name": "Can view content type", "content_type": 5, "codename": "view_contenttype"}}, {"model": "auth.permission", "pk": 21, "fields": {"name": "Can add session", "content_type": 6, "codename": "add_session"}}, {"model": "auth.permission", "pk": 22, "fields": {"name": "Can change session", "content_type": 6, "codename": "change_session"}}, {"model": "auth.permission", "pk": 23, "fields": {"name": "Can delete session", "content_type": 6, "codename": "delete_session"}}, {"model": "auth.permission", "pk": 24, "fields": {"name": "Can view session", "content_type": 6, "codename": "view_session"}}, {"model": "auth.permission", "pk": 25, "fields": {"name": "Can add customer", "content_type": 7, "codename": "add_customer"}}, {"model": "auth.permission", "pk": 26, "fields": {"name": "Can change customer", "content_type": 7, "codename": "change_customer"}}, {"model": "auth.permission", "pk": 27, "fields": {"name": "Can delete customer", "content_type": 7, "codename": "delete_customer"}}, {"model": "auth.permission", "pk": 28, "fields": {"name": "Can view customer", "content_type": 7, "codename": "view_customer"}}, {"model": "auth.permission", "pk": 29, "fields": {"name": "Can add railcar", "content_type": 8, "codename": "add_railcar"}}, {"model": "auth.permission", "pk": 30, "fields": {"name": "Can change railcar", "content_type": 8, "codename": "change_railcar"}}, {"model": "auth.permission", "pk": 31, "fields": {"name": "Can delete railcar", "content_type": 8, "codename": "delete_railcar"}}, {"model": "auth.permission", "pk": 32, "fields": {"name": "Can view railcar", "content_type": 8, "codename": "view_railcar"}}, {"model": "auth.permission", "pk": 33, "fields": {"name": "Can add bill", "content_type": 9, "codename": "add_bill"}}, {"model": "auth.permission", "pk": 34, "fields": {"name": "Can change bill", "content_type": 9, "codename": "change_bill"}}, {"model": "auth.permission", "pk": 35, "fields": {"name": "Can delete bill", "content_type": 9, "codename": "delete_bill"}}, {"model": "auth.permission", "pk": 36, "fields": {"name": "Can view bill", "content_type": 9, "codename": "view_bill"}}, {"model": "auth.permission", "pk": 37, "fields": {"name": "Can add attachment", "content_type": 10, "codename": "add_attachment"}}, {"model": "auth.permission", "pk": 38, "fields": {"name": "Can change attachment", "content_type": 10, "codename": "change_attachment"}}, {"model": "auth.permission", "pk": 39, "fields": {"name": "Can delete attachment", "content_type": 10, "codename": "delete_attachment"}}, {"model": "auth.permission", "pk": 40, "fields": {"name": "Can view attachment", "content_type": 10, "codename": "view_attachment"}}, {"model": "auth.permission", "pk": 41, "fields": {"name": "Can add released railcar", "content_type": 11, "codename": "add_releasedrailcar"}}, {"model": "auth.permission", "pk": 42, "fields": {"name": "Can change released railcar", "content_type": 11, "codename": "change_releasedrailcar"}}, {"model": "auth.permission", "pk": 43, "fields": {"name": "Can delete released railcar", "content_type": 11, "codename": "delete_releasedrailcar"}}, {"model": "auth.permission", "pk": 44, "fields": {"name": "Can view released railcar", "content_type": 11, "codename": "view_releasedrailcar"}}, {"model": "auth.permission", "pk": 45, "fields": {"name": "Can add demurrage charge", "content_type": 12, "codename": "add_demurragecharge"}}, {"model": "auth.permission", "pk": 46, "fields": {"name": "Can change demurrage charge", "content_type": 12, "codename": "change_demurragecharge"}}, {"model": "auth.permission", "pk": 47, "fields": {"name": "Can delete demurrage charge", "content_type": 12, "codename": "delete_demurragecharge"}}, {"model": "auth.permission", "pk": 48, "fields": {"name": "Can view demurrage charge", "content_type": 12, "codename": "view_demurragecharge"}}, {"model": "auth.permission", "pk": 49, "fields": {"name": "Can add invoice", "content_type": 13, "codename": "add_invoice"}}, {"model": "auth.permission", "pk": 50, "fields": {"name": "Can change invoice", "content_type": 13, "codename": "change_invoice"}}, {"model": "auth.permission", "pk": 51, "fields": {"name": "Can delete invoice", "content_type": 13, "codename": "delete_invoice"}}, {"model": "auth.permission", "pk": 52, "fields": {"name": "Can view invoice", "content_type": 13, "codename": "view_invoice"}}, {"model": "auth.group", "pk": 1, "fields": {"name": "Users", "permissions": [30]}}, {"model": "auth.group", "pk": 2, "fields": {"name": "Administrators", "permissions": [49, 50, 51, 52, 29, 30, 31, 32]}}, {"model": "auth.group", "pk": 3, "fields": {"name": "Superusers", "permissions": [37, 38, 39, 40, 33, 34, 35, 36, 25, 26, 27, 28, 45, 46, 47, 48, 49, 50, 51, 52, 29, 30, 31, 32, 41, 42, 43, 44]}}, {"model": "auth.user", "pk": 1, "fields": {"password": "pbkdf2_sha256$600000$Z0OEiPtYuWmgtaqQ4RF4Ym$Ib80K13HKITIkIqpxZ0ui2UnihBIEiZuDebSsZJ+xvA=", "last_login": "2024-02-28T20:49:11.439Z", "is_superuser": false, "username": "werg09", "first_name": "", "last_name": "", "email": "werg09@gmail.com", "is_staff": false, "is_active": true, "date_joined": "2024-02-28T20:49:11.121Z", "groups": [2], "user_permissions": []}}, {"model": "auth.user", "pk": 2, "fields": {"password": "pbkdf2_sha256$600000$tCDoQlmNLTfCkXtdNLaVwV$PH0a2PbbqldyRajv+2KaZIqqKX9x+dPJCptF6lF2aoY=", "last_login": "2024-04-18T16:33:03.747Z", "is_superuser": false, "username": "edward", "first_name": "", "last_name": "", "email": "werg09@gmail.com", "is_staff": false, "is_active": true, "date_joined": "2024-02-29T16:47:01.994Z", "groups": [], "user_permissions": []}}, {"model": "auth.user", "pk": 3, "fields": {"password": "pbkdf2_sha256$600000$w4SRthAUtKPt19EQYEQ5Ez$hRiTpCvq2JfrrJJRfEIM6SAlEDhXLwKEIGXUwhuWY+w=", "last_login": "2024-03-03T04:02:12.675Z", "is_superuser": false, "username": "edward09", "first_name": "", "last_name": "", "email": "werg09@gmail.com", "is_staff": false, "is_active": true, "date_joined": "2024-03-03T04:01:36.973Z", "groups": [1], "user_permissions": []}}, {"model": "auth.user", "pk": 4, "fields": {"password": "pbkdf2_sha256$600000$1Z4wC8JGD0FZSEb5yPqXwe$VHhVYOW92x4LMrnsSZNDv+a4nhiMQpkmm6XLk2/ZbX4=", "last_login": "2024-04-24T22:51:59.269Z", "is_superuser": true, "username": "admin09", "first_name": "", "last_name": "", "email": "werg09@gmail.com", "is_staff": true, "is_active": true, "date_joined": "2024-04-15T20:23:07.933Z", "groups": [3], "user_permissions": []}}, {"model": "auth.user", "pk": 5, "fields": {"password": "pbkdf2_sha256$600000$4NEo9u1N2PfnlM8n7DNT30$3dPADeBRNjQqy8huNrl7SAKWPFVOk0E/29tq0gtoYxE=", "last_login": "2024-04-24T22:39:56.107Z", "is_superuser": false, "username": "werg_admin", "first_name": "", "last_name": "", "email": "", "is_staff": false, "is_active": true, "date_joined": "2024-04-17T19:04:45.147Z", "groups": [2], "user_permissions": []}}, {"model": "auth.user", "pk": 6, "fields": {"password": "pbkdf2_sha256$600000$EnH94n27vdbBv8FgHEhuY2$0gkyp0ihmBslzSFTllNWDpEu8ZWnL651pbrrI2NuBH0=", "last_login": "2024-04-24T22:16:12.870Z", "is_superuser": false, "username": "edward09User", "first_name": "", "last_name": "", "email": "", "is_staff": false, "is_active": true, "date_joined": "2024-04-18T16:35:29.440Z", "groups": [1], "user_permissions": []}}, {"model": "auth.user", "pk": 7, "fields": {"password": "pbkdf2_sha256$600000$T9SEZJzz53QT79PNnynTSL$57c0FjAMvGoKp6RjH1OI6OmtnqSSnIde/fG1qBckxew=", "last_login": "2024-04-24T22:39:32.899Z", "is_superuser": false, "username": "adam", "first_name": "", "last_name": "", "email": "", "is_staff": false, "is_active": true, "date_joined": "2024-04-18T18:59:54.092Z", "groups": [1], "user_permissions": []}}, {"model": "auth.user", "pk": 8, "fields": {"password": "pbkdf2_sha256$600000$PKU9lTbh2jOmBjvK0e42Ck$OidQAMLdDwteHsY2G915UOMiTTSVcRGFTSFXgHdeiF8=", "last_login": "2024-04-24T22:38:33.884Z", "is_superuser": false, "username": "gil", "first_name": "", "last_name": "", "email": "", "is_staff": false, "is_active": true, "date_joined": "2024-04-18T18:59:54.378Z", "groups": [1], "user_permissions": []}}, {"model": "contenttypes.contenttype", "pk": 1, "fields": {"app_label": "admin", "model": "logentry"}}, {"model": "contenttypes.contenttype", "pk": 2, "fields": {"app_label": "auth", "model": "permission"}}, {"model": "contenttypes.contenttype", "pk": 3, "fields": {"app_label": "auth", "model": "group"}}, {"model": "contenttypes.contenttype", "pk": 4, "fields": {"app_label": "auth", "model": "user"}}, {"model": "contenttypes.contenttype", "pk": 5, "fields": {"app_label": "contenttypes", "model": "contenttype"}}, {"model": "contenttypes.contenttype", "pk": 6, "fields": {"app_label": "sessions", "model": "session"}}, {"model": "contenttypes.contenttype", "pk": 7, "fields": {"app_label": "myapp", "model": "customer"}}, {"model": "contenttypes.contenttype", "pk": 8, "fields": {"app_label": "myapp", "model": "railcar"}}, {"model": "contenttypes.contenttype", "pk": 9, "fields": {"app_label": "myapp", "model": "bill"}}, {"model": "contenttypes.contenttype", "pk": 10, "fields": {"app_label": "myapp", "model": "attachment"}}, {"model": "contenttypes.contenttype", "pk": 11, "fields": {"app_label": "myapp", "model": "releasedrailcar"}}, {"model": "contenttypes.contenttype", "pk": 12, "fields": {"app_label": "myapp", "model": "demurragecharge"}}, {"model": "contenttypes.contenttype", "pk": 13, "fields": {"app_label": "myapp", "model": "invoice"}}, {"model": "sessions.session", "pk": "4gi1b6wtaayxfiliw5e6w2pwq8kb9sob", "fields": {"session_data": ".eJxVjDsOwjAQRO_iGlkm_rGU9DmDZe9ucADZUpxUiLsTSymgG817M28R4rbmsDVewkziKow4_XYp4pNLB_SI5V4l1rIuc5JdkQdtcqzEr9vh_h3k2PK-dprAskFtvIpeA5DRHo0CTJfBE5IFSGy1SzAxxmHaDXY9w1l7ZcTnC90POAM:1rzlT5:tbiT2qBs0heDgGzjxYQmLtrzghpT1GrPQCRQoDS_NY4", "expire_date": "2024-05-08T22:51:59.272Z"}}, {"model": "sessions.session", "pk": "6bg6lmj6twoncstjh8mkdw7md34q0uw3", "fields": {"session_data": ".eJxVjDsOwjAQRO_iGlkm_rGU9DmDZe9ucADZUpxUiLsTSymgG817M28R4rbmsDVewkziKow4_XYp4pNLB_SI5V4l1rIuc5JdkQdtcqzEr9vh_h3k2PK-dprAskFtvIpeA5DRHo0CTJfBE5IFSGy1SzAxxmHaDXY9w1l7ZcTnC90POAM:1rzkJJ:tXvW8hUwbnSrjwrUvXV3LlMdC0RzBNIqeS43wwDiCK0", "expire_date": "2024-05-08T21:37:49.045Z"}}, {"model": "sessions.session", "pk": "dbtc6hrx7r5judo6lpyihbupxnwa7piv", "fields": {"session_data": ".eJxVjEEOwiAQRe_C2hAYhlJcuu8ZyABTqRqalHZlvLtt0oVu_3vvv0WgbS1ha7yEKYurAHH53SKlJ9cD5AfV-yzTXNdlivJQ5EmbHObMr9vp_h0UamWvkSBS1AaUZ2eRCVxCg2R5xMgja2UhRey9dhZYGdfBrpDpsAeLHsXnC93tNwI:1ridGX:zeaGDh6sdmyP3ryMDeUlCSpmjbHig23TgXv_mym8gPg", "expire_date": "2024-03-22T16:40:13.043Z"}}, {"model": "sessions.session", "pk": "dumxwyfea43uxn8dauyo13l8qquhvsqn", "fields": {"session_data": ".eJxVjDsOwjAQRO_iGlmOf2so6TmDtesPDiBbipMKcXccKQV0ozdv5s08bmvxW0-LnyO7MMVOv4wwPFPdi_jAem88tLouM_Fd4Ufb-a3F9Loe7t9BwV7GWqhsHUDO0aRAzikD2lGOg2mnhTTGoglTtgRZWq2QQMFZjDxJ4wDZ5wvUcjcJ:1rgd3E:syrhUrggtkv73VTCESV9A9o4n4u0sucn2MrBmrCSwNA", "expire_date": "2024-03-17T04:02:12.677Z"}}, {"model": "myapp.customer", "pk": 15, "fields": {"user": 7, "name": "PILOT TRAVEL CENTERS", "customer_address": "9325 Billy the Kid El Paso TX 79907", "customer_contact": "randy", "entrance_fee": "500.00", "demurrage_rate": "25.00", "demurrage_free_days": 10, "contact_email": "werg09@gmail.com", "rate_per_pound": "0.00"}}, {"model": "myapp.customer", "pk": 16, "fields": {"user": null, "name": "Rio Valley Bio Fuels", "customer_address": null, "customer_contact": null, "entrance_fee": "650.00", "demurrage_rate": "0.00", "demurrage_free_days": 0, "contact_email": null, "rate_per_pound": "0.00"}}, {"model": "myapp.customer", "pk": 17, "fields": {"user": null, "name": "Loup Logistics", "customer_address": null, "customer_contact": null, "entrance_fee": "500.00", "demurrage_rate": "0.00", "demurrage_free_days": 0, "contact_email": null, "rate_per_pound": "0.00"}}, {"model": "myapp.customer", "pk": 19, "fields": {"user": null, "name": "Victory Renewables", "customer_address": "none", "customer_contact": "ed", "entrance_fee": "800.00", "demurrage_rate": "50.00", "demurrage_free_days": 5, "contact_email": "efernandez@ferzatruckandrail.com", "rate_per_pound": "0.00"}}, {"model": "myapp.customer", "pk": 20, "fields": {"user": null, "name": "CSC", "customer_address": "donophin", "customer_contact": "monica", "entrance_fee": "1000.00", "demurrage_rate": "0.00", "demurrage_free_days": 0, "contact_email": "werg09@gmail.com", "rate_per_pound": "0.01"}}, {"model": "myapp.customer", "pk": 21, "fields": {"user": null, "name": "dreward llc", "customer_address": "9313 Billy the Kid El Paso TX 79907", "customer_contact": "Edward A Fernandez", "entrance_fee": "400.00", "demurrage_rate": "10.00", "demurrage_free_days": 10, "contact_email": "werg09@gmail.com", "rate_per_pound": "0.00"}}, {"model": "myapp.customer", "pk": 22, "fields": {"user": null, "name": "FT&R Inc", "customer_address": "Los mochis Canutillo TX 79835", "customer_contact": "Daniel", "entrance_fee": "1000.00", "demurrage_rate": "10.00", "demurrage_free_days": 0, "contact_email": "dfernandez@ferzatruckandrail.com", "rate_per_pound": "0.00"}}, {"model": "myapp.customer", "pk": 23, "fields": {"user": 8, "name": "Thermal Fluids", "customer_address": "yarbrough", "customer_contact": "gil", "entrance_fee": "500.00", "demurrage_rate": "10.00", "demurrage_free_days": 0, "contact_email": "werg09@gmail.com", "rate_per_pound": "0.00"}}, {"model": "myapp.customer", "pk": 24, "fields": {"user": null, "name": "Bruning Grain Farm", "customer_address": "9313 billy the kid", "customer_contact": "gary", "entrance_fee": "500.00", "demurrage_rate": "10.00", "demurrage_free_days": 0, "contact_email": "werg09@gmail.com", "rate_per_pound": "0.00"}}, {"model": "myapp.railcar", "pk": 26, "fields": {"railcar_number": "TTPX 222222", "received_date": "2024-01-15", "released_date": "2024-03-04", "released_timestamp": null, "left_yard_date": null, "is_released": true, "customer": 17, "track": "733", "net_weight": null, "total_weight": null}}, {"model": "myapp.railcar", "pk": 28, "fields": {"railcar_number": "TILX 3636", "received_date": "2024-01-05", "released_date": "2024-03-12", "released_timestamp": null, "left_yard_date": null, "is_released": true, "customer": 15, "track": "731", "net_weight": null, "total_weight": null}}, {"model": "myapp.railcar", "pk": 29, "fields": {"railcar_number": "eds railcar", "received_date": "2024-01-15", "released_date": "2024-03-18", "released_timestamp": null, "left_yard_date": null, "is_released": true, "customer": 16, "track": "730", "net_weight": null, "total_weight": null}}, {"model": "myapp.railcar", "pk": 30, "fields": {"railcar_number": "xxxx 9292", "received_date": "2024-01-05", "released_date": "2024-03-18", "released_timestamp": null, "left_yard_date": null, "is_released": true, "customer": 15, "track": "733", "net_weight": null, "total_weight": null}}, {"model": "myapp.railcar", "pk": 33, "fields": {"railcar_number": "UTLX V12342", "received_date": "2024-02-20", "released_date": "2024-03-21", "released_timestamp": null, "left_yard_date": null, "is_released": true, "customer": 19, "track": "733", "net_weight": null, "total_weight": null}}, {"model": "myapp.railcar", "pk": 34, "fields": {"railcar_number": "ssssss", "received_date": "2024-01-15", "released_date": "2024-03-21", "released_timestamp": null, "left_yard_date": null, "is_released": true, "customer": 15, "track": "Default Track", "net_weight": null, "total_weight": null}}, {"model": "myapp.railcar", "pk": 35, "fields": {"railcar_number": "a railcar", "received_date": "2024-01-15", "released_date": "2024-03-21", "released_timestamp": null, "left_yard_date": null, "is_released": true, "customer": 19, "track": "Default Track", "net_weight": null, "total_weight": null}}, {"model": "myapp.railcar", "pk": 36, "fields": {"railcar_number": "last railca", "received_date": "2024-01-05", "released_date": "2024-03-21", "released_timestamp": null, "left_yard_date": null, "is_released": true, "customer": 19, "track": "Default Track", "net_weight": null, "total_weight": null}}, {"model": "myapp.railcar", "pk": 37, "fields": {"railcar_number": "aaaaaaa", "received_date": "2024-01-05", "released_date": "2024-03-22", "released_timestamp": null, "left_yard_date": null, "is_released": true, "customer": 19, "track": "730", "net_weight": null, "total_weight": null}}, {"model": "myapp.railcar", "pk": 38, "fields": {"railcar_number": "bbbbbbbbbb", "received_date": "2024-01-15", "released_date": "2024-03-22", "released_timestamp": null, "left_yard_date": null, "is_released": true, "customer": 19, "track": "Default Track", "net_weight": null, "total_weight": null}}, {"model": "myapp.railcar", "pk": 39, "fields": {"railcar_number": "ccccccc", "received_date": "2024-01-15", "released_date": "2024-03-22", "released_timestamp": null, "left_yard_date": null, "is_released": true, "customer": 19, "track": "Default Track", "net_weight": null, "total_weight": null}}, {"model": "myapp.railcar", "pk": 40, "fields": {"railcar_number": "zzzzzzzzzz", "received_date": "2024-01-15", "released_date": "2024-03-22", "released_timestamp": null, "left_yard_date": null, "is_released": true, "customer": 19, "track": "Default Track", "net_weight": null, "total_weight": null}}, {"model": "myapp.railcar", "pk": 41, "fields": {"railcar_number": "ddddddd", "received_date": "2024-01-15", "released_date": "2024-03-22", "released_timestamp": null, "left_yard_date": null, "is_released": true, "customer": 19, "track": "Default Track", "net_weight": null, "total_weight": null}}, {"model": "myapp.railcar", "pk": 42, "fields": {"railcar_number": "ggggggg", "received_date": "2024-01-15", "released_date": "2024-03-22", "released_timestamp": null, "left_yard_date": null, "is_released": true, "customer": 19, "track": "Default Track", "net_weight": null, "total_weight": null}}, {"model": "myapp.railcar", "pk": 43, "fields": {"railcar_number": "xxxxx", "received_date": "2024-01-15", "released_date": "2024-03-22", "released_timestamp": null, "left_yard_date": null, "is_released": true, "customer": 19, "track": "Default Track", "net_weight": null, "total_weight": null}}, {"model": "myapp.railcar", "pk": 44, "fields": {"railcar_number": "rrrrrrrrrrr", "received_date": "2024-01-05", "released_date": "2024-03-22", "released_timestamp": null, "left_yard_date": null, "is_released": true, "customer": 15, "track": "730", "net_weight": null, "total_weight": null}}, {"model": "myapp.railcar", "pk": 45, "fields": {"railcar_number": "a", "received_date": "2024-01-15", "released_date": "2024-03-22", "released_timestamp": null, "left_yard_date": null, "is_released": true, "customer": 19, "track": "Default Track", "net_weight": null, "total_weight": null}}, {"model": "myapp.railcar", "pk": 46, "fields": {"railcar_number": "z", "received_date": "2024-03-01", "released_date": "2024-03-22", "released_timestamp": null, "left_yard_date": null, "is_released": true, "customer": 19, "track": "Default Track", "net_weight": null, "total_weight": null}}, {"model": "myapp.railcar", "pk": 47, "fields": {"railcar_number": "a", "received_date": "2024-02-01", "released_date": "2024-03-22", "released_timestamp": null, "left_yard_date": null, "is_released": true, "customer": 19, "track": "Default Track", "net_weight": null, "total_weight": null}}, {"model": "myapp.railcar", "pk": 48, "fields": {"railcar_number": "g", "received_date": "2024-01-15", "released_date": "2024-03-22", "released_timestamp": null, "left_yard_date": null, "is_released": true, "customer": 19, "track": "720", "net_weight": null, "total_weight": null}}, {"model": "myapp.railcar", "pk": 49, "fields": {"railcar_number": "s", "received_date": "2024-01-15", "released_date": "2024-03-22", "released_timestamp": null, "left_yard_date": null, "is_released": true, "customer": 19, "track": "Default Track", "net_weight": null, "total_weight": null}}, {"model": "myapp.railcar", "pk": 50, "fields": {"railcar_number": "s", "received_date": "2024-03-01", "released_date": "2024-03-22", "released_timestamp": null, "left_yard_date": null, "is_released": true, "customer": 15, "track": "Default Track", "net_weight": null, "total_weight": null}}, {"model": "myapp.railcar", "pk": 51, "fields": {"railcar_number": "s", "received_date": "2024-01-15", "released_date": "2024-03-22", "released_timestamp": null, "left_yard_date": null, "is_released": true, "customer": 15, "track": "Default Track", "net_weight": null, "total_weight": null}}, {"model": "myapp.railcar", "pk": 52, "fields": {"railcar_number": "s", "received_date": "2024-01-05", "released_date": "2024-03-22", "released_timestamp": null, "left_yard_date": null, "is_released": true, "customer": 15, "track": "Default Track", "net_weight": null, "total_weight": null}}, {"model": "myapp.railcar", "pk": 53, "fields": {"railcar_number": "s", "received_date": "2024-01-15", "released_date": "2024-03-22", "released_timestamp": null, "left_yard_date": null, "is_released": true, "customer": 15, "track": "Default Track", "net_weight": null, "total_weight": null}}, {"model": "myapp.railcar", "pk": 54, "fields": {"railcar_number": "a", "received_date": "2024-01-15", "released_date": "2024-03-22", "released_timestamp": null, "left_yard_date": null, "is_released": true, "customer": 15, "track": "Default Track", "net_weight": null, "total_weight": null}}, {"model": "myapp.railcar", "pk": 55, "fields": {"railcar_number": "s", "received_date": "2024-01-15", "released_date": "2024-03-22", "released_timestamp": null, "left_yard_date": null, "is_released": true, "customer": 15, "track": "Default Track", "net_weight": null, "total_weight": null}}, {"model": "myapp.railcar", "pk": 56, "fields": {"railcar_number": "s", "received_date": "2024-01-15", "released_date": "2024-03-22", "released_timestamp": null, "left_yard_date": null, "is_released": true, "customer": 15, "track": "Default Track", "net_weight": null, "total_weight": null}}, {"model": "myapp.railcar", "pk": 57, "fields": {"railcar_number": "s", "received_date": "2024-01-15", "released_date": "2024-03-22", "released_timestamp": null, "left_yard_date": null, "is_released": true, "customer": 15, "track": "Default Track", "net_weight": null, "total_weight": null}}, {"model": "myapp.railcar", "pk": 58, "fields": {"railcar_number": "TTPX 39392", "received_date": "2024-01-15", "released_date": "2024-03-22", "released_timestamp": null, "left_yard_date": null, "is_released": true, "customer": 19, "track": "730", "net_weight": null, "total_weight": null}}, {"model": "myapp.railcar", "pk": 59, "fields": {"railcar_number": "TTPX 39392", "received_date": "2024-01-15", "released_date": "2024-03-22", "released_timestamp": null, "left_yard_date": null, "is_released": true, "customer": 17, "track": "Default Track", "net_weight": null, "total_weight": null}}, {"model": "myapp.railcar", "pk": 60, "fields": {"railcar_number": "eds railcar", "received_date": "2024-01-15", "released_date": "2024-03-25", "released_timestamp": null, "left_yard_date": null, "is_released": true, "customer": 19, "track": "Default Track", "net_weight": null, "total_weight": null}}, {"model": "myapp.railcar", "pk": 61, "fields": {"railcar_number": "BNSF 27722", "received_date": "2024-03-01", "released_date": "2024-03-25", "released_timestamp": null, "left_yard_date": null, "is_released": true, "customer": 20, "track": "Default Track", "net_weight": null, "total_weight": null}}, {"model": "myapp.railcar", "pk": 62, "fields": {"railcar_number": "TTPX 39392", "received_date": "2024-01-15", "released_date": "2024-03-25", "released_timestamp": null, "left_yard_date": null, "is_released": true, "customer": 19, "track": "Default Track", "net_weight": null, "total_weight": null}}, {"model": "myapp.railcar", "pk": 63, "fields": {"railcar_number": "s", "received_date": "2024-01-05", "released_date": "2024-03-25", "released_timestamp": null, "left_yard_date": null, "is_released": true, "customer": 17, "track": "Default Track", "net_weight": null, "total_weight": null}}, {"model": "myapp.railcar", "pk": 64, "fields": {"railcar_number": "eds railcar", "received_date": "2024-01-15", "released_date": "2024-03-25", "released_timestamp": null, "left_yard_date": null, "is_released": true, "customer": 19, "track": "Default Track", "net_weight": null, "total_weight": null}}, {"model": "myapp.railcar", "pk": 65, "fields": {"railcar_number": "comp", "received_date": "2024-01-15", "released_date": "2024-03-28", "released_timestamp": null, "left_yard_date": null, "is_released": true, "customer": 19, "track": "Default Track", "net_weight": null, "total_weight": null}}, {"model": "myapp.railcar", "pk": 66, "fields": {"railcar_number": "aaaa", "received_date": "2024-01-05", "released_date": "2024-03-28", "released_timestamp": null, "left_yard_date": null, "is_released": true, "customer": 19, "track": "Default Track", "net_weight": null, "total_weight": null}}, {"model": "myapp.railcar", "pk": 67, "fields": {"railcar_number": "TTPX 39392", "received_date": "2024-01-15", "released_date": "2024-03-28", "released_timestamp": null, "left_yard_date": null, "is_released": true, "customer": 19, "track": "Default Track", "net_weight": null, "total_weight": null}}, {"model": "myapp.railcar", "pk": 68, "fields": {"railcar_number": "a", "received_date": "2024-01-15", "released_date": "2024-03-28", "released_timestamp": null, "left_yard_date": null, "is_released": true, "customer": 19, "track": "Default Track", "net_weight": null, "total_weight": null}}, {"model": "myapp.railcar", "pk": 69, "fields": {"railcar_number": "eds railcar", "received_date": "2024-01-15", "released_date": "2024-03-28", "released_timestamp": null, "left_yard_date": null, "is_released": true, "customer": 19, "track": "Default Track", "net_weight": null, "total_weight": null}}, {"model": "myapp.railcar", "pk": 70, "fields": {"railcar_number": "s", "received_date": "2024-01-15", "released_date": "2024-03-28", "released_timestamp": null, "left_yard_date": null, "is_released": true, "customer": 19, "track": "Default Track", "net_weight": null, "total_weight": null}}, {"model": "myapp.railcar", "pk": 71, "fields": {"railcar_number": "TTPX 39392", "received_date": "2024-01-15", "released_date": "2024-03-28", "released_timestamp": null, "left_yard_date": null, "is_released": true, "customer": 19, "track": "Default Track", "net_weight": null, "total_weight": null}}, {"model": "myapp.railcar", "pk": 72, "fields": {"railcar_number": "TTPX 39392", "received_date": "2024-01-15", "released_date": "2024-03-28", "released_timestamp": null, "left_yard_date": null, "is_released": true, "customer": 19, "track": "Default Track", "net_weight": null, "total_weight": null}}, {"model": "myapp.railcar", "pk": 73, "fields": {"railcar_number": "llxx 234323", "received_date": "2024-01-15", "released_date": "2024-03-28", "released_timestamp": null, "left_yard_date": null, "is_released": true, "customer": 19, "track": "Default Track", "net_weight": null, "total_weight": null}}, {"model": "myapp.railcar", "pk": 74, "fields": {"railcar_number": "TTPX 39392", "received_date": "2024-03-01", "released_date": "2024-03-28", "released_timestamp": null, "left_yard_date": null, "is_released": true, "customer": 19, "track": "Default Track", "net_weight": null, "total_weight": null}}, {"model": "myapp.railcar", "pk": 75, "fields": {"railcar_number": "eds railcar", "received_date": "2024-01-15", "released_date": "2024-03-28", "released_timestamp": null, "left_yard_date": null, "is_released": true, "customer": 20, "track": "Default Track", "net_weight": null, "total_weight": null}}, {"model": "myapp.railcar", "pk": 76, "fields": {"railcar_number": "s", "received_date": "2024-03-01", "released_date": "2024-03-28", "released_timestamp": null, "left_yard_date": null, "is_released": true, "customer": 20, "track": "Default Track", "net_weight": null, "total_weight": null}}, {"model": "myapp.railcar", "pk": 77, "fields": {"railcar_number": "s", "received_date": "2024-03-01", "released_date": "2024-03-28", "released_timestamp": null, "left_yard_date": null, "is_released": true, "customer": 20, "track": "Default Track", "net_weight": null, "total_weight": null}}, {"model": "myapp.railcar", "pk": 78, "fields": {"railcar_number": "jfdaj111111", "received_date": "2024-01-15", "released_date": "2024-03-28", "released_timestamp": null, "left_yard_date": null, "is_released": true, "customer": 20, "track": "Default Track", "net_weight": null, "total_weight": null}}, {"model": "myapp.railcar", "pk": 79, "fields": {"railcar_number": "gatx 123456", "received_date": "2024-03-01", "released_date": "2024-03-28", "released_timestamp": null, "left_yard_date": null, "is_released": true, "customer": 21, "track": "730", "net_weight": null, "total_weight": null}}, {"model": "myapp.railcar", "pk": 80, "fields": {"railcar_number": "s", "received_date": "2024-03-01", "released_date": "2024-03-28", "released_timestamp": null, "left_yard_date": null, "is_released": true, "customer": 21, "track": "Default Track", "net_weight": null, "total_weight": null}}, {"model": "myapp.railcar", "pk": 81, "fields": {"railcar_number": "eds railcar", "received_date": "2024-03-01", "released_date": "2024-03-28", "released_timestamp": null, "left_yard_date": null, "is_released": true, "customer": 21, "track": "Default Track", "net_weight": null, "total_weight": null}}, {"model": "myapp.railcar", "pk": 82, "fields": {"railcar_number": "gatx 002343", "received_date": "2024-03-01", "released_date": "2024-03-28", "released_timestamp": null, "left_yard_date": null, "is_released": true, "customer": 21, "track": "Default Track", "net_weight": null, "total_weight": null}}, {"model": "myapp.railcar", "pk": 83, "fields": {"railcar_number": "s", "received_date": "2024-03-01", "released_date": "2024-03-28", "released_timestamp": null, "left_yard_date": null, "is_released": true, "customer": 21, "track": "Default Track", "net_weight": null, "total_weight": null}}, {"model": "myapp.railcar", "pk": 84, "fields": {"railcar_number": "TTPX 39392", "received_date": "2024-03-01", "released_date": "2024-03-28", "released_timestamp": null, "left_yard_date": null, "is_released": true, "customer": 21, "track": "Default Track", "net_weight": null, "total_weight": null}}, {"model": "myapp.railcar", "pk": 85, "fields": {"railcar_number": "TTPX 39392", "received_date": "2024-03-01", "released_date": "2024-03-28", "released_timestamp": null, "left_yard_date": null, "is_released": true, "customer": 19, "track": "Default Track", "net_weight": null, "total_weight": null}}, {"model": "myapp.railcar", "pk": 86, "fields": {"railcar_number": "TTPX 39392", "received_date": "2024-03-01", "released_date": "2024-03-28", "released_timestamp": null, "left_yard_date": null, "is_released": true, "customer": 21, "track": "Default Track", "net_weight": null, "total_weight": null}}, {"model": "myapp.railcar", "pk": 87, "fields": {"railcar_number": "eds railcar", "received_date": "2024-03-01", "released_date": "2024-03-28", "released_timestamp": null, "left_yard_date": null, "is_released": true, "customer": 21, "track": "731", "net_weight": null, "total_weight": null}}, {"model": "myapp.railcar", "pk": 88, "fields": {"railcar_number": "s", "received_date": "2024-01-15", "released_date": "2024-03-28", "released_timestamp": null, "left_yard_date": null, "is_released": true, "customer": 20, "track": "Default Track", "net_weight": null, "total_weight": null}}, {"model": "myapp.railcar", "pk": 89, "fields": {"railcar_number": "s", "received_date": "2024-01-05", "released_date": "2024-03-28", "released_timestamp": null, "left_yard_date": null, "is_released": true, "customer": 20, "track": "Default Track", "net_weight": null, "total_weight": null}}, {"model": "myapp.railcar", "pk": 90, "fields": {"railcar_number": "gatx 002343", "received_date": "2024-03-01", "released_date": "2024-03-28", "released_timestamp": null, "left_yard_date": null, "is_released": true, "customer": 20, "track": "Default Track", "net_weight": null, "total_weight": null}}, {"model": "myapp.railcar", "pk": 91, "fields": {"railcar_number": "TTPX 39392", "received_date": "2024-03-01", "released_date": "2024-03-28", "released_timestamp": null, "left_yard_date": null, "is_released": true, "customer": 21, "track": "731", "net_weight": null, "total_weight": null}}, {"model": "myapp.railcar", "pk": 92, "fields": {"railcar_number": "s", "received_date": "2024-03-01", "released_date": "2024-03-28", "released_timestamp": "2024-03-28T18:27:28.640Z", "left_yard_date": null, "is_released": true, "customer": 20, "track": "Default Track", "net_weight": null, "total_weight": null}}, {"model": "myapp.railcar", "pk": 93, "fields": {"railcar_number": "a", "received_date": "2024-01-15", "released_date": "2024-03-28", "released_timestamp": "2024-03-28T18:27:48.779Z", "left_yard_date": null, "is_released": true, "customer": 21, "track": "Default Track", "net_weight": null, "total_weight": null}}, {"model": "myapp.railcar", "pk": 94, "fields": {"railcar_number": "TTPX 39392", "received_date": "2024-03-01", "released_date": "2024-03-28", "released_timestamp": "2024-03-28T18:46:21.378Z", "left_yard_date": null, "is_released": true, "customer": 21, "track": "731", "net_weight": null, "total_weight": null}}, {"model": "myapp.railcar", "pk": 95, "fields": {"railcar_number": "TTPX 39392", "received_date": "2024-01-15", "released_date": "2024-03-28", "released_timestamp": "2024-03-28T21:17:51.567Z", "left_yard_date": null, "is_released": true, "customer": 21, "track": "731", "net_weight": null, "total_weight": null}}, {"model": "myapp.railcar", "pk": 96, "fields": {"railcar_number": "llxx 234323", "received_date": "2024-03-01", "released_date": "2024-03-28", "released_timestamp": "2024-03-28T21:19:22.361Z", "left_yard_date": null, "is_released": true, "customer": 21, "track": "Default Track", "net_weight": null, "total_weight": null}}, {"model": "myapp.railcar", "pk": 97, "fields": {"railcar_number": "gatx 002343", "received_date": "2024-01-15", "released_date": "2024-03-28", "released_timestamp": "2024-03-28T22:33:59.358Z", "left_yard_date": null, "is_released": true, "customer": 21, "track": "731", "net_weight": null, "total_weight": null}}, {"model": "myapp.railcar", "pk": 98, "fields": {"railcar_number": "next", "received_date": "2024-03-01", "released_date": "2024-03-28", "released_timestamp": "2024-03-28T22:34:48.611Z", "left_yard_date": null, "is_released": true, "customer": 17, "track": "720", "net_weight": null, "total_weight": null}}, {"model": "myapp.railcar", "pk": 99, "fields": {"railcar_number": "TTPX 39392", "received_date": "2024-03-01", "released_date": "2024-03-28", "released_timestamp": "2024-03-28T23:01:39.952Z", "left_yard_date": null, "is_released": true, "customer": 21, "track": "Default Track", "net_weight": null, "total_weight": null}}, {"model": "myapp.railcar", "pk": 100, "fields": {"railcar_number": "TTPX 39392", "received_date": "2024-03-01", "released_date": "2024-04-02", "released_timestamp": "2024-04-02T16:43:37.767Z", "left_yard_date": null, "is_released": true, "customer": 19, "track": "731", "net_weight": null, "total_weight": null}}, {"model": "myapp.railcar", "pk": 101, "fields": {"railcar_number": "gatx 002343", "received_date": "2024-01-15", "released_date": "2024-04-01", "released_timestamp": "2024-04-01T18:00:37.873Z", "left_yard_date": null, "is_released": true, "customer": 20, "track": "730", "net_weight": null, "total_weight": null}}, {"model": "myapp.railcar", "pk": 102, "fields": {"railcar_number": "eds railcar", "received_date": "2024-01-15", "released_date": "2024-04-02", "released_timestamp": "2024-04-02T16:52:22.506Z", "left_yard_date": null, "is_released": true, "customer": 19, "track": "Default Track", "net_weight": null, "total_weight": null}}, {"model": "myapp.railcar", "pk": 103, "fields": {"railcar_number": "TTPX 39392", "received_date": "2024-01-05", "released_date": "2024-04-02", "released_timestamp": "2024-04-02T17:30:46.998Z", "left_yard_date": null, "is_released": true, "customer": 21, "track": "Default Track", "net_weight": null, "total_weight": null}}, {"model": "myapp.railcar", "pk": 104, "fields": {"railcar_number": "llxx 234323", "received_date": "2024-01-15", "released_date": "2024-04-02", "released_timestamp": "2024-04-02T17:32:19.185Z", "left_yard_date": null, "is_released": true, "customer": 17, "track": "Default Track", "net_weight": null, "total_weight": null}}, {"model": "myapp.railcar", "pk": 105, "fields": {"railcar_number": "TTPX 39392", "received_date": "2024-01-15", "released_date": "2024-04-02", "released_timestamp": "2024-04-02T18:18:54.653Z", "left_yard_date": null, "is_released": true, "customer": 19, "track": "Default Track", "net_weight": null, "total_weight": null}}, {"model": "myapp.railcar", "pk": 106, "fields": {"railcar_number": "TTPX 39392", "received_date": "2024-01-15", "released_date": "2024-04-02", "released_timestamp": "2024-04-02T18:22:54.794Z", "left_yard_date": null, "is_released": true, "customer": 15, "track": "Default Track", "net_weight": null, "total_weight": null}}, {"model": "myapp.railcar", "pk": 107, "fields": {"railcar_number": "TTPX 39392", "received_date": "2024-01-15", "released_date": "2024-04-03", "released_timestamp": "2024-04-03T16:37:53.166Z", "left_yard_date": null, "is_released": true, "customer": 19, "track": "Default Track", "net_weight": null, "total_weight": null}}, {"model": "myapp.railcar", "pk": 108, "fields": {"railcar_number": "TTPX 39392s", "received_date": "2024-01-15", "released_date": "2024-04-03", "released_timestamp": "2024-04-03T17:02:18.309Z", "left_yard_date": null, "is_released": true, "customer": 20, "track": "Default Track", "net_weight": null, "total_weight": null}}, {"model": "myapp.railcar", "pk": 109, "fields": {"railcar_number": "eds rsdfsd", "received_date": "2024-03-01", "released_date": "2024-04-03", "released_timestamp": "2024-04-03T17:11:01.727Z", "left_yard_date": null, "is_released": true, "customer": 21, "track": "Default Track", "net_weight": null, "total_weight": null}}, {"model": "myapp.railcar", "pk": 110, "fields": {"railcar_number": "llxx 234323", "received_date": "2024-03-01", "released_date": "2024-04-03", "released_timestamp": "2024-04-03T17:15:14.564Z", "left_yard_date": null, "is_released": true, "customer": 19, "track": "Default Track", "net_weight": null, "total_weight": null}}, {"model": "myapp.railcar", "pk": 111, "fields": {"railcar_number": "gatx 002343", "received_date": "2024-04-01", "released_date": "2024-04-03", "released_timestamp": "2024-04-03T17:16:04.780Z", "left_yard_date": null, "is_released": true, "customer": 19, "track": "Default Track", "net_weight": null, "total_weight": null}}, {"model": "myapp.railcar", "pk": 112, "fields": {"railcar_number": "gatx 00sas", "received_date": "2024-03-01", "released_date": "2024-04-03", "released_timestamp": "2024-04-03T17:21:29.590Z", "left_yard_date": null, "is_released": true, "customer": 19, "track": "Default Track", "net_weight": null, "total_weight": null}}, {"model": "myapp.railcar", "pk": 113, "fields": {"railcar_number": "TTPX 3asdfs", "received_date": "2024-03-25", "released_date": "2024-04-03", "released_timestamp": "2024-04-03T21:03:17.868Z", "left_yard_date": null, "is_released": true, "customer": 19, "track": "Default Track", "net_weight": null, "total_weight": null}}, {"model": "myapp.railcar", "pk": 114, "fields": {"railcar_number": "s", "received_date": "2024-01-15", "released_date": "2024-04-03", "released_timestamp": "2024-04-03T21:43:03.182Z", "left_yard_date": null, "is_released": true, "customer": 19, "track": "Default Track", "net_weight": null, "total_weight": null}}, {"model": "myapp.railcar", "pk": 115, "fields": {"railcar_number": "gatx 002343", "received_date": "2024-01-15", "released_date": "2024-04-03", "released_timestamp": "2024-04-03T22:16:43.052Z", "left_yard_date": null, "is_released": true, "customer": 20, "track": "Default Track", "net_weight": null, "total_weight": null}}, {"model": "myapp.railcar", "pk": 116, "fields": {"railcar_number": "s", "received_date": "2024-03-01", "released_date": "2024-04-03", "released_timestamp": "2024-04-03T22:34:02.863Z", "left_yard_date": null, "is_released": true, "customer": 19, "track": "Default Track", "net_weight": null, "total_weight": null}}, {"model": "myapp.railcar", "pk": 117, "fields": {"railcar_number": "s", "received_date": "2024-01-15", "released_date": "2024-04-03", "released_timestamp": "2024-04-03T22:55:13.976Z", "left_yard_date": null, "is_released": true, "customer": 19, "track": "Default Track", "net_weight": null, "total_weight": null}}, {"model": "myapp.railcar", "pk": 118, "fields": {"railcar_number": "TILX 259382", "received_date": "2024-04-01", "released_date": "2024-04-03", "released_timestamp": "2024-04-03T23:03:44.778Z", "left_yard_date": null, "is_released": true, "customer": 19, "track": "731", "net_weight": null, "total_weight": null}}, {"model": "myapp.railcar", "pk": 119, "fields": {"railcar_number": "dans railca", "received_date": "2024-04-01", "released_date": "2024-04-03", "released_timestamp": "2024-04-03T23:13:05.379Z", "left_yard_date": null, "is_released": true, "customer": 15, "track": "731", "net_weight": null, "total_weight": null}}, {"model": "myapp.railcar", "pk": 120, "fields": {"railcar_number": "UTLX 343442", "received_date": "2024-03-01", "released_date": "2024-04-03", "released_timestamp": "2024-04-03T23:11:48.176Z", "left_yard_date": null, "is_released": true, "customer": 15, "track": "Default Track", "net_weight": null, "total_weight": null}}, {"model": "myapp.railcar", "pk": 121, "fields": {"railcar_number": "s", "received_date": "2024-03-01", "released_date": "2024-04-04", "released_timestamp": "2024-04-04T15:17:06.380Z", "left_yard_date": null, "is_released": true, "customer": 19, "track": "Default Track", "net_weight": null, "total_weight": null}}, {"model": "myapp.railcar", "pk": 122, "fields": {"railcar_number": "TTPX 39392", "received_date": "2024-01-15", "released_date": "2024-04-04", "released_timestamp": "2024-04-04T16:12:55.944Z", "left_yard_date": null, "is_released": true, "customer": 19, "track": "Default Track", "net_weight": null, "total_weight": null}}, {"model": "myapp.railcar", "pk": 123, "fields": {"railcar_number": "TTPX 39392", "received_date": "2024-01-15", "released_date": "2024-04-04", "released_timestamp": "2024-04-04T16:13:49.463Z", "left_yard_date": null, "is_released": true, "customer": 17, "track": "Default Track", "net_weight": null, "total_weight": null}}, {"model": "myapp.railcar", "pk": 124, "fields": {"railcar_number": "TTPX 39392", "received_date": "2024-01-15", "released_date": "2024-04-04", "released_timestamp": "2024-04-04T17:21:12.184Z", "left_yard_date": null, "is_released": true, "customer": 20, "track": "Default Track", "net_weight": null, "total_weight": null}}, {"model": "myapp.railcar", "pk": 125, "fields": {"railcar_number": "UTLX 222222", "received_date": "2024-03-01", "released_date": "2024-04-04", "released_timestamp": "2024-04-04T22:10:58.775Z", "left_yard_date": null, "is_released": true, "customer": 19, "track": "Default Track", "net_weight": null, "total_weight": null}}, {"model": "myapp.railcar", "pk": 126, "fields": {"railcar_number": "TILX 343123", "received_date": "2024-04-01", "released_date": "2024-04-04", "released_timestamp": "2024-04-04T22:49:05.488Z", "left_yard_date": null, "is_released": true, "customer": 19, "track": "Default Track", "net_weight": null, "total_weight": null}}, {"model": "myapp.railcar", "pk": 127, "fields": {"railcar_number": "werg railca", "received_date": "2024-04-01", "released_date": "2024-04-05", "released_timestamp": "2024-04-05T18:19:53.695Z", "left_yard_date": null, "is_released": true, "customer": 21, "track": "731", "net_weight": null, "total_weight": null}}, {"model": "myapp.railcar", "pk": 128, "fields": {"railcar_number": "ABCD 123456", "received_date": "2024-04-01", "released_date": "2024-04-08", "released_timestamp": "2024-04-08T16:42:19.574Z", "left_yard_date": null, "is_released": true, "customer": 19, "track": "Default Track", "net_weight": null, "total_weight": null}}, {"model": "myapp.railcar", "pk": 129, "fields": {"railcar_number": "TTPX 39392", "received_date": "2024-04-01", "released_date": "2024-04-08", "released_timestamp": "2024-04-08T16:44:24.906Z", "left_yard_date": null, "is_released": true, "customer": 19, "track": "Default Track", "net_weight": null, "total_weight": null}}, {"model": "myapp.railcar", "pk": 130, "fields": {"railcar_number": "TTPX 39392", "received_date": "2024-01-15", "released_date": "2024-04-08", "released_timestamp": "2024-04-08T17:41:09.068Z", "left_yard_date": null, "is_released": true, "customer": 21, "track": "Default Track", "net_weight": null, "total_weight": null}}, {"model": "myapp.railcar", "pk": 131, "fields": {"railcar_number": "eds railcar", "received_date": "2024-01-15", "released_date": "2024-04-08", "released_timestamp": "2024-04-08T17:42:59.939Z", "left_yard_date": null, "is_released": true, "customer": 21, "track": "Default Track", "net_weight": null, "total_weight": null}}, {"model": "myapp.railcar", "pk": 132, "fields": {"railcar_number": "llxx 234323", "received_date": "2024-04-01", "released_date": "2024-04-10", "released_timestamp": "2024-04-10T19:56:31.318Z", "left_yard_date": null, "is_released": true, "customer": 21, "track": "721", "net_weight": null, "total_weight": null}}, {"model": "myapp.railcar", "pk": 133, "fields": {"railcar_number": "UTLX XXXXXX", "received_date": "2024-04-01", "released_date": "2024-04-10", "released_timestamp": "2024-04-10T22:36:05.039Z", "left_yard_date": null, "is_released": true, "customer": 19, "track": "Default Track", "net_weight": null, "total_weight": null}}, {"model": "myapp.railcar", "pk": 134, "fields": {"railcar_number": "CAIX 532343", "received_date": "2024-04-01", "released_date": "2024-04-10", "released_timestamp": "2024-04-10T22:49:14.010Z", "left_yard_date": null, "is_released": true, "customer": 22, "track": "730", "net_weight": null, "total_weight": null}}, {"model": "myapp.railcar", "pk": 135, "fields": {"railcar_number": "TTPX 39392", "received_date": "2024-04-01", "released_date": "2024-04-10", "released_timestamp": "2024-04-10T22:50:30.709Z", "left_yard_date": null, "is_released": true, "customer": 22, "track": "Default Track", "net_weight": null, "total_weight": null}}, {"model": "myapp.railcar", "pk": 136, "fields": {"railcar_number": "TTPX 39392", "received_date": "2024-04-01", "released_date": "2024-04-10", "released_timestamp": "2024-04-10T23:03:38.638Z", "left_yard_date": null, "is_released": true, "customer": 21, "track": "Default Track", "net_weight": null, "total_weight": null}}, {"model": "myapp.railcar", "pk": 137, "fields": {"railcar_number": "TTPX 39392", "received_date": "2024-04-01", "released_date": "2024-04-11", "released_timestamp": "2024-04-11T15:50:02.359Z", "left_yard_date": null, "is_released": true, "customer": 22, "track": "Default Track", "net_weight": null, "total_weight": null}}, {"model": "myapp.railcar", "pk": 138, "fields": {"railcar_number": "gatx 002343", "received_date": "2024-04-01", "released_date": "2024-04-11", "released_timestamp": "2024-04-11T16:42:12.989Z", "left_yard_date": null, "is_released": true, "customer": 21, "track": "Default Track", "net_weight": null, "total_weight": null}}, {"model": "myapp.railcar", "pk": 139, "fields": {"railcar_number": "UTLX 111111", "received_date": "2024-04-01", "released_date": "2024-04-15", "released_timestamp": "2024-04-15T20:29:59.995Z", "left_yard_date": null, "is_released": true, "customer": 21, "track": "730", "net_weight": null, "total_weight": null}}, {"model": "myapp.railcar", "pk": 140, "fields": {"railcar_number": "UTLX 444444", "received_date": "2024-04-01", "released_date": "2024-04-17", "released_timestamp": "2024-04-17T19:13:49.758Z", "left_yard_date": null, "is_released": true, "customer": 21, "track": "731", "net_weight": null, "total_weight": null}}, {"model": "myapp.railcar", "pk": 141, "fields": {"railcar_number": "LLLXSFDDKAF", "received_date": "2024-04-01", "released_date": "2024-04-15", "released_timestamp": "2024-04-15T20:31:44.287Z", "left_yard_date": null, "is_released": true, "customer": 21, "track": "730", "net_weight": null, "total_weight": null}}, {"model": "myapp.railcar", "pk": 142, "fields": {"railcar_number": "TTPX 39392", "received_date": "2024-03-01", "released_date": "2024-04-18", "released_timestamp": "2024-04-18T15:06:48.305Z", "left_yard_date": null, "is_released": true, "customer": 21, "track": "730", "net_weight": null, "total_weight": null}}, {"model": "myapp.railcar", "pk": 143, "fields": {"railcar_number": "TTPX 39392", "received_date": "2024-03-01", "released_date": "2024-04-18", "released_timestamp": "2024-04-18T17:00:18.754Z", "left_yard_date": null, "is_released": true, "customer": 21, "track": "Default Track", "net_weight": null, "total_weight": null}}, {"model": "myapp.railcar", "pk": 144, "fields": {"railcar_number": "UTLX 938727", "received_date": "2024-04-01", "released_date": "2024-04-18", "released_timestamp": "2024-04-18T19:08:35.130Z", "left_yard_date": null, "is_released": true, "customer": 15, "track": "730", "net_weight": null, "total_weight": null}}, {"model": "myapp.railcar", "pk": 145, "fields": {"railcar_number": "SFJX 22392", "received_date": "2024-04-02", "released_date": "2024-04-22", "released_timestamp": "2024-04-22T18:25:37.445Z", "left_yard_date": null, "is_released": true, "customer": 23, "track": "731", "net_weight": null, "total_weight": null}}, {"model": "myapp.railcar", "pk": 146, "fields": {"railcar_number": "UTLX PILOT1", "received_date": "2024-04-01", "released_date": "2024-04-18", "released_timestamp": "2024-04-18T19:45:14.847Z", "left_yard_date": null, "is_released": true, "customer": 15, "track": "730", "net_weight": null, "total_weight": null}}, {"model": "myapp.railcar", "pk": 148, "fields": {"railcar_number": "TTPX 39392", "received_date": "2024-04-01", "released_date": null, "released_timestamp": null, "left_yard_date": null, "is_released": false, "customer": 17, "track": "730", "net_weight": null, "total_weight": null}}, {"model": "myapp.railcar", "pk": 149, "fields": {"railcar_number": "utlx 22324", "received_date": "2024-04-01", "released_date": "2024-04-22", "released_timestamp": "2024-04-22T18:25:09.822Z", "left_yard_date": null, "is_released": true, "customer": 20, "track": "Default Track", "net_weight": 200000.0, "total_weight": 300000.0}}, {"model": "myapp.railcar", "pk": 150, "fields": {"railcar_number": "BN 37473", "received_date": "2024-04-01", "released_date": "2024-04-22", "released_timestamp": "2024-04-22T17:44:20.987Z", "left_yard_date": null, "is_released": true, "customer": 20, "track": "Default Track", "net_weight": 200000.0, "total_weight": 300000.0}}, {"model": "myapp.railcar", "pk": 151, "fields": {"railcar_number": "TTPX 39392", "received_date": "2024-04-01", "released_date": "2024-04-22", "released_timestamp": "2024-04-22T18:20:04.804Z", "left_yard_date": null, "is_released": true, "customer": 20, "track": "Default Track", "net_weight": 200000.0, "total_weight": 300000.0}}, {"model": "myapp.railcar", "pk": 152, "fields": {"railcar_number": "TTPX 39392", "received_date": "2024-04-01", "released_date": "2024-04-22", "released_timestamp": "2024-04-22T18:27:09.721Z", "left_yard_date": null, "is_released": true, "customer": 20, "track": "Default Track", "net_weight": 160000.0, "total_weight": 280000.0}}, {"model": "myapp.railcar", "pk": 153, "fields": {"railcar_number": "eds railcar", "received_date": "2024-04-01", "released_date": "2024-04-22", "released_timestamp": "2024-04-22T18:38:03.135Z", "left_yard_date": null, "is_released": true, "customer": 20, "track": "Default Track", "net_weight": 200000.0, "total_weight": 300000.0}}, {"model": "myapp.railcar", "pk": 154, "fields": {"railcar_number": "llxx 234323", "received_date": "2024-04-01", "released_date": "2024-04-22", "released_timestamp": "2024-04-22T18:43:40.802Z", "left_yard_date": null, "is_released": true, "customer": 20, "track": "Default Track", "net_weight": 200000.0, "total_weight": 300000.0}}, {"model": "myapp.railcar", "pk": 155, "fields": {"railcar_number": "CAIX 532343", "received_date": "2024-04-01", "released_date": "2024-04-22", "released_timestamp": "2024-04-22T19:36:49.609Z", "left_yard_date": null, "is_released": true, "customer": 24, "track": "730", "net_weight": 220000.0, "total_weight": 300000.0}}, {"model": "myapp.railcar", "pk": 156, "fields": {"railcar_number": "caix3333", "received_date": "2024-04-01", "released_date": "2024-04-23", "released_timestamp": "2024-04-23T15:36:00.098Z", "left_yard_date": null, "is_released": true, "customer": 24, "track": "Default Track", "net_weight": 200000.0, "total_weight": 300000.0}}, {"model": "myapp.railcar", "pk": 157, "fields": {"railcar_number": "eds railcar", "received_date": "2024-04-01", "released_date": "2024-04-22", "released_timestamp": "2024-04-22T19:38:12.132Z", "left_yard_date": null, "is_released": true, "customer": 20, "track": "Default Track", "net_weight": 200000.0, "total_weight": 300000.0}}, {"model": "myapp.railcar", "pk": 158, "fields": {"railcar_number": "TTPX 39392", "received_date": "2024-04-01", "released_date": "2024-04-22", "released_timestamp": "2024-04-22T22:49:20.429Z", "left_yard_date": null, "is_released": true, "customer": 20, "track": "Default Track", "net_weight": 200000.0, "total_weight": 250000.0}}, {"model": "myapp.railcar", "pk": 159, "fields": {"railcar_number": "TTPX 39392", "received_date": "2024-01-15", "released_date": "2024-04-22", "released_timestamp": "2024-04-22T22:56:25.329Z", "left_yard_date": null, "is_released": true, "customer": 20, "track": "Default Track", "net_weight": 200000.0, "total_weight": 300000.0}}, {"model": "myapp.railcar", "pk": 160, "fields": {"railcar_number": "llxx 234323", "received_date": "2024-04-01", "released_date": "2024-04-22", "released_timestamp": "2024-04-22T23:02:10.677Z", "left_yard_date": null, "is_released": true, "customer": 20, "track": "Default Track", "net_weight": 200000.0, "total_weight": 300000.0}}, {"model": "myapp.railcar", "pk": 161, "fields": {"railcar_number": "TTPX 39392", "received_date": "2024-04-01", "released_date": "2024-04-22", "released_timestamp": "2024-04-22T23:08:54.692Z", "left_yard_date": null, "is_released": true, "customer": 20, "track": "Default Track", "net_weight": 200000.0, "total_weight": 300000.0}}, {"model": "myapp.railcar", "pk": 162, "fields": {"railcar_number": "TTPX 39392", "received_date": "2024-03-01", "released_date": "2024-04-22", "released_timestamp": "2024-04-22T23:24:02.619Z", "left_yard_date": null, "is_released": true, "customer": 20, "track": "Default Track", "net_weight": 200000.0, "total_weight": 300000.0}}, {"model": "myapp.railcar", "pk": 163, "fields": {"railcar_number": "caix 222222", "received_date": "2024-04-01", "released_date": "2024-04-23", "released_timestamp": "2024-04-23T15:38:13.958Z", "left_yard_date": null, "is_released": true, "customer": 24, "track": "Default Track", "net_weight": 200000.0, "total_weight": 300000.0}}, {"model": "myapp.railcar", "pk": 164, "fields": {"railcar_number": "TTPX 39392", "received_date": "2024-04-01", "released_date": "2024-04-23", "released_timestamp": "2024-04-23T15:42:45.385Z", "left_yard_date": null, "is_released": true, "customer": 19, "track": "Default Track", "net_weight": null, "total_weight": null}}, {"model": "myapp.railcar", "pk": 165, "fields": {"railcar_number": "TTPX 39392", "received_date": "2024-04-01", "released_date": "2024-04-23", "released_timestamp": "2024-04-23T17:26:21.514Z", "left_yard_date": null, "is_released": true, "customer": 20, "track": "731", "net_weight": 150000.0, "total_weight": 250000.0}}, {"model": "myapp.railcar", "pk": 166, "fields": {"railcar_number": "gatx 002343", "received_date": "2024-04-01", "released_date": "2024-04-24", "released_timestamp": "2024-04-24T18:37:11.151Z", "left_yard_date": null, "is_released": true, "customer": 15, "track": "Default Track", "net_weight": null, "total_weight": null}}, {"model": "myapp.railcar", "pk": 167, "fields": {"railcar_number": "ajfi 23432", "received_date": "2024-04-01", "released_date": null, "released_timestamp": null, "left_yard_date": null, "is_released": false, "customer": 21, "track": "731", "net_weight": null, "total_weight": null}}, {"model": "myapp.railcar", "pk": 168, "fields": {"railcar_number": "gatx 002343", "received_date": "2024-04-01", "released_date": "2024-04-24", "released_timestamp": "2024-04-24T21:40:33.130Z", "left_yard_date": null, "is_released": true, "customer": 15, "track": "733", "net_weight": null, "total_weight": null}}, {"model": "myapp.railcar", "pk": 169, "fields": {"railcar_number": "llxx 234323", "received_date": "2024-04-01", "released_date": "2024-04-24", "released_timestamp": "2024-04-24T22:14:53.221Z", "left_yard_date": null, "is_released": true, "customer": 23, "track": "731", "net_weight": null, "total_weight": null}}, {"model": "myapp.railcar", "pk": 170, "fields": {"railcar_number": "gatx 2343", "received_date": "2024-04-02", "released_date": null, "released_timestamp": null, "left_yard_date": null, "is_released": false, "customer": 15, "track": "Default Track", "net_weight": null, "total_weight": null}}, {"model": "myapp.attachment", "pk": 1, "fields": {"file": "attachments/IMG_9555.jpg", "railcar": null}}, {"model": "myapp.attachment", "pk": 2, "fields": {"file": "attachments/IMG_9981.jpg", "railcar": 26}}, {"model": "myapp.attachment", "pk": 3, "fields": {"file": "attachments/IMG_9555_uChcrAR.jpg", "railcar": 26}}, {"model": "myapp.attachment", "pk": 4, "fields": {"file": "attachments/certificate_2.pdf", "railcar": 26}}, {"model": "myapp.attachment", "pk": 5, "fields": {"file": "attachments/germ.jpeg", "railcar": 26}}, {"model": "myapp.attachment", "pk": 6, "fields": {"file": "attachments/stephsmomstuff.pages", "railcar": 26}}, {"model": "myapp.attachment", "pk": 7, "fields": {"file": "attachments/germ_1.jpeg", "railcar": 26}}, {"model": "myapp.attachment", "pk": 8, "fields": {"file": "attachments/certificate.pdf", "railcar": 26}}, {"model": "myapp.attachment", "pk": 9, "fields": {"file": "attachments/House_of_Rock.png", "railcar": 26}}, {"model": "myapp.attachment", "pk": 10, "fields": {"file": "attachments/IMG_3866.jpg", "railcar": 26}}, {"model": "myapp.attachment", "pk": 11, "fields": {"file": "attachments/germ_S4x7Tgf.jpeg", "railcar": 28}}, {"model": "myapp.attachment", "pk": 12, "fields": {"file": "attachments/House_of_Rock_gq8gToR.png", "railcar": 28}}, {"model": "myapp.attachment", "pk": 13, "fields": {"file": "attachments/526445656.pdf", "railcar": 28}}, {"model": "myapp.attachment", "pk": 14, "fields": {"file": "attachments/_WRD000.jpg", "railcar": 28}}, {"model": "myapp.attachment", "pk": 15, "fields": {"file": "attachments/certificate_aVbwxZk.pdf", "railcar": 29}}, {"model": "myapp.attachment", "pk": 16, "fields": {"file": "attachments/germ_1_NftPfxy.jpeg", "railcar": 28}}, {"model": "myapp.attachment", "pk": 17, "fields": {"file": "attachments/germ_P1N1t50.jpeg", "railcar": 30}}, {"model": "myapp.attachment", "pk": 19, "fields": {"file": "attachments/germ_pwLN7aZ.jpeg", "railcar": 33}}, {"model": "myapp.attachment", "pk": 20, "fields": {"file": "attachments/526445656_DJsxH3R.pdf", "railcar": 61}}, {"model": "myapp.attachment", "pk": 21, "fields": {"file": "attachments/526445656_24spiXv.pdf", "railcar": 63}}, {"model": "myapp.attachment", "pk": 22, "fields": {"file": "attachments/526445656_T7HbbDn.pdf", "railcar": 79}}, {"model": "myapp.attachment", "pk": 23, "fields": {"file": "attachments/526445656_caZApP4.pdf", "railcar": 87}}, {"model": "myapp.attachment", "pk": 24, "fields": {"file": "attachments/526445656_uBC2pdK.pdf", "railcar": 97}}, {"model": "myapp.attachment", "pk": 25, "fields": {"file": "attachments/_WRD000_dFCoxny.jpg", "railcar": 98}}, {"model": "myapp.attachment", "pk": 26, "fields": {"file": "attachments/526445656_KPLC3iY.pdf", "railcar": 99}}, {"model": "myapp.attachment", "pk": 27, "fields": {"file": "attachments/526445656_uezEbcZ.pdf", "railcar": 103}}, {"model": "myapp.attachment", "pk": 28, "fields": {"file": "attachments/BO.200.doc", "railcar": 104}}, {"model": "myapp.attachment", "pk": 29, "fields": {"file": "attachments/certificate_LBatHTe.pdf", "railcar": 104}}, {"model": "myapp.attachment", "pk": 30, "fields": {"file": "attachments/germ_1_fBytpwQ.jpeg", "railcar": 104}}, {"model": "myapp.attachment", "pk": 31, "fields": {"file": "attachments/germ_1_wgafgy2.jpeg", "railcar": 105}}, {"model": "myapp.attachment", "pk": 32, "fields": {"file": "attachments/germ_eiH75sh.jpeg", "railcar": 107}}, {"model": "myapp.attachment", "pk": 33, "fields": {"file": "attachments/CENSECAR___IMPRESION_DE_FORMATO_1.pdf", "railcar": 107}}, {"model": "myapp.attachment", "pk": 34, "fields": {"file": "attachments/526445656_Xnw1k7S.pdf", "railcar": 108}}, {"model": "myapp.attachment", "pk": 35, "fields": {"file": "attachments/526445656_NiJG4sQ.pdf", "railcar": 110}}, {"model": "myapp.attachment", "pk": 36, "fields": {"file": "attachments/526445656_I9hxWPg.pdf", "railcar": 111}}, {"model": "myapp.attachment", "pk": 37, "fields": {"file": "attachments/526445656_V7FQr1w.pdf", "railcar": 118}}, {"model": "myapp.attachment", "pk": 38, "fields": {"file": "attachments/germ_jRvoESn.jpeg", "railcar": 118}}, {"model": "myapp.attachment", "pk": 39, "fields": {"file": "attachments/germ_HOxNQ8Y.jpeg", "railcar": 120}}, {"model": "myapp.attachment", "pk": 40, "fields": {"file": "attachments/image001.png", "railcar": 120}}, {"model": "myapp.attachment", "pk": 41, "fields": {"file": "attachments/germ_ckxhkMh.jpeg", "railcar": 121}}, {"model": "myapp.attachment", "pk": 42, "fields": {"file": "attachments/certificate_1.pdf", "railcar": 124}}, {"model": "myapp.attachment", "pk": 43, "fields": {"file": "attachments/526445656_9HBQjxb.pdf", "railcar": 126}}, {"model": "myapp.attachment", "pk": 44, "fields": {"file": "attachments/526445656_Cibalci.pdf", "railcar": 127}}, {"model": "myapp.attachment", "pk": 45, "fields": {"file": "attachments/House_of_Rock_mMaRImg.png", "railcar": 128}}, {"model": "myapp.attachment", "pk": 46, "fields": {"file": "attachments/526445656_Vte7y1d.pdf", "railcar": 130}}, {"model": "myapp.attachment", "pk": 47, "fields": {"file": "attachments/IMG_2958.jpg", "railcar": 131}}, {"model": "myapp.attachment", "pk": 48, "fields": {"file": "attachments/germ_1_PN7L3nd.jpeg", "railcar": 132}}, {"model": "myapp.attachment", "pk": 49, "fields": {"file": "attachments/germ_7U0APS8.jpeg", "railcar": 133}}, {"model": "myapp.attachment", "pk": 50, "fields": {"file": "attachments/germ_VYoDo58.jpeg", "railcar": 133}}, {"model": "myapp.attachment", "pk": 51, "fields": {"file": "attachments/Confirmation_-_Inline_Online.pdf", "railcar": 134}}, {"model": "myapp.attachment", "pk": 52, "fields": {"file": "attachments/certificate_4bf91GN.pdf", "railcar": 137}}, {"model": "myapp.attachment", "pk": 53, "fields": {"file": "attachments/germ_3VcN2dv.jpeg", "railcar": 137}}, {"model": "myapp.attachment", "pk": 54, "fields": {"file": "attachments/germ_oF6xaH6.jpeg", "railcar": 169}}, {"model": "myapp.attachment", "pk": 55, "fields": {"file": "attachments/germ_1_PPKO8JT.jpeg", "railcar": 169}}, {"model": "myapp.demurragecharge", "pk": 1, "fields": {"customer": 17, "railcar": 26, "demurrage_charge": "0.00", "demurrage_days": 0}}, {"model": "myapp.demurragecharge", "pk": 2, "fields": {"customer": 19, "railcar": 33, "demurrage_charge": "1250.00", "demurrage_days": 25}}, {"model": "myapp.demurragecharge", "pk": 3, "fields": {"customer": 19, "railcar": 33, "demurrage_charge": null, "demurrage_days": 0}}, {"model": "myapp.demurragecharge", "pk": 4, "fields": {"customer": 19, "railcar": 33, "demurrage_charge": null, "demurrage_days": 0}}, {"model": "myapp.demurragecharge", "pk": 5, "fields": {"customer": 19, "railcar": 33, "demurrage_charge": null, "demurrage_days": 0}}, {"model": "myapp.demurragecharge", "pk": 6, "fields": {"customer": 15, "railcar": 34, "demurrage_charge": "1400.00", "demurrage_days": 0}}, {"model": "myapp.demurragecharge", "pk": 7, "fields": {"customer": 19, "railcar": 35, "demurrage_charge": "3050.00", "demurrage_days": 0}}, {"model": "myapp.demurragecharge", "pk": 8, "fields": {"customer": 19, "railcar": 36, "demurrage_charge": null, "demurrage_days": 0}}, {"model": "myapp.demurragecharge", "pk": 9, "fields": {"customer": 16, "railcar": 29, "demurrage_charge": null, "demurrage_days": 0}}, {"model": "myapp.demurragecharge", "pk": 10, "fields": {"customer": 17, "railcar": 26, "demurrage_charge": null, "demurrage_days": 0}}, {"model": "myapp.demurragecharge", "pk": 11, "fields": {"customer": 19, "railcar": 37, "demurrage_charge": null, "demurrage_days": 0}}, {"model": "myapp.demurragecharge", "pk": 12, "fields": {"customer": 19, "railcar": 38, "demurrage_charge": null, "demurrage_days": 0}}, {"model": "myapp.demurragecharge", "pk": 13, "fields": {"customer": 19, "railcar": 39, "demurrage_charge": null, "demurrage_days": 0}}, {"model": "myapp.demurragecharge", "pk": 14, "fields": {"customer": 19, "railcar": 40, "demurrage_charge": null, "demurrage_days": 0}}, {"model": "myapp.demurragecharge", "pk": 15, "fields": {"customer": 19, "railcar": 41, "demurrage_charge": null, "demurrage_days": 0}}, {"model": "myapp.demurragecharge", "pk": 16, "fields": {"customer": 19, "railcar": 42, "demurrage_charge": null, "demurrage_days": 0}}, {"model": "myapp.demurragecharge", "pk": 17, "fields": {"customer": 19, "railcar": 43, "demurrage_charge": null, "demurrage_days": 0}}, {"model": "myapp.demurragecharge", "pk": 18, "fields": {"customer": 15, "railcar": 44, "demurrage_charge": "1675.00", "demurrage_days": 0}}, {"model": "myapp.demurragecharge", "pk": 19, "fields": {"customer": 19, "railcar": 45, "demurrage_charge": null, "demurrage_days": 0}}, {"model": "myapp.demurragecharge", "pk": 20, "fields": {"customer": 19, "railcar": 46, "demurrage_charge": null, "demurrage_days": 0}}, {"model": "myapp.demurragecharge", "pk": 21, "fields": {"customer": 19, "railcar": 47, "demurrage_charge": null, "demurrage_days": 0}}, {"model": "myapp.demurragecharge", "pk": 22, "fields": {"customer": 19, "railcar": 48, "demurrage_charge": null, "demurrage_days": 0}}, {"model": "myapp.demurragecharge", "pk": 23, "fields": {"customer": 19, "railcar": 49, "demurrage_charge": null, "demurrage_days": 0}}, {"model": "myapp.demurragecharge", "pk": 24, "fields": {"customer": 15, "railcar": 50, "demurrage_charge": null, "demurrage_days": 0}}, {"model": "myapp.demurragecharge", "pk": 25, "fields": {"customer": 15, "railcar": 51, "demurrage_charge": null, "demurrage_days": 0}}, {"model": "myapp.demurragecharge", "pk": 26, "fields": {"customer": 15, "railcar": 52, "demurrage_charge": null, "demurrage_days": 0}}, {"model": "myapp.demurragecharge", "pk": 27, "fields": {"customer": 15, "railcar": 53, "demurrage_charge": "1425.00", "demurrage_days": 0}}, {"model": "myapp.demurragecharge", "pk": 28, "fields": {"customer": 15, "railcar": 54, "demurrage_charge": null, "demurrage_days": 0}}, {"model": "myapp.demurragecharge", "pk": 29, "fields": {"customer": 15, "railcar": 55, "demurrage_charge": null, "demurrage_days": 0}}, {"model": "myapp.demurragecharge", "pk": 30, "fields": {"customer": 15, "railcar": 56, "demurrage_charge": null, "demurrage_days": 0}}, {"model": "myapp.demurragecharge", "pk": 31, "fields": {"customer": 15, "railcar": 57, "demurrage_charge": null, "demurrage_days": 0}}, {"model": "myapp.demurragecharge", "pk": 32, "fields": {"customer": 19, "railcar": 58, "demurrage_charge": null, "demurrage_days": 0}}, {"model": "myapp.demurragecharge", "pk": 33, "fields": {"customer": 17, "railcar": 59, "demurrage_charge": null, "demurrage_days": 0}}, {"model": "myapp.demurragecharge", "pk": 34, "fields": {"customer": 19, "railcar": 60, "demurrage_charge": "3250.00", "demurrage_days": 0}}, {"model": "myapp.demurragecharge", "pk": 35, "fields": {"customer": 20, "railcar": 61, "demurrage_charge": "240.00", "demurrage_days": 0}}, {"model": "myapp.demurragecharge", "pk": 36, "fields": {"customer": 17, "railcar": 63, "demurrage_charge": "0.00", "demurrage_days": 0}}, {"model": "myapp.demurragecharge", "pk": 37, "fields": {"customer": 19, "railcar": 62, "demurrage_charge": null, "demurrage_days": 0}}, {"model": "myapp.demurragecharge", "pk": 38, "fields": {"customer": 19, "railcar": 64, "demurrage_charge": null, "demurrage_days": 0}}, {"model": "myapp.demurragecharge", "pk": 39, "fields": {"customer": 19, "railcar": 65, "demurrage_charge": "3400.00", "demurrage_days": 0}}, {"model": "myapp.demurragecharge", "pk": 40, "fields": {"customer": 19, "railcar": 66, "demurrage_charge": "3900.00", "demurrage_days": 0}}, {"model": "myapp.demurragecharge", "pk": 41, "fields": {"customer": 19, "railcar": 66, "demurrage_charge": "3900.00", "demurrage_days": 0}}, {"model": "myapp.demurragecharge", "pk": 42, "fields": {"customer": 19, "railcar": 67, "demurrage_charge": null, "demurrage_days": 0}}, {"model": "myapp.demurragecharge", "pk": 43, "fields": {"customer": 19, "railcar": 67, "demurrage_charge": "3400.00", "demurrage_days": 0}}, {"model": "myapp.demurragecharge", "pk": 44, "fields": {"customer": 19, "railcar": 68, "demurrage_charge": null, "demurrage_days": 0}}, {"model": "myapp.demurragecharge", "pk": 45, "fields": {"customer": 19, "railcar": 68, "demurrage_charge": "3400.00", "demurrage_days": 0}}, {"model": "myapp.demurragecharge", "pk": 46, "fields": {"customer": 19, "railcar": 69, "demurrage_charge": null, "demurrage_days": 0}}, {"model": "myapp.demurragecharge", "pk": 47, "fields": {"customer": 19, "railcar": 69, "demurrage_charge": "3400.00", "demurrage_days": 0}}, {"model": "myapp.demurragecharge", "pk": 48, "fields": {"customer": 19, "railcar": 70, "demurrage_charge": null, "demurrage_days": 0}}, {"model": "myapp.demurragecharge", "pk": 49, "fields": {"customer": 19, "railcar": 70, "demurrage_charge": "3400.00", "demurrage_days": 0}}, {"model": "myapp.demurragecharge", "pk": 50, "fields": {"customer": 19, "railcar": 71, "demurrage_charge": null, "demurrage_days": 0}}, {"model": "myapp.demurragecharge", "pk": 51, "fields": {"customer": 19, "railcar": 71, "demurrage_charge": "3400.00", "demurrage_days": 0}}, {"model": "myapp.demurragecharge", "pk": 52, "fields": {"customer": 19, "railcar": 72, "demurrage_charge": null, "demurrage_days": 0}}, {"model": "myapp.demurragecharge", "pk": 53, "fields": {"customer": 19, "railcar": 72, "demurrage_charge": "3400.00", "demurrage_days": 0}}, {"model": "myapp.demurragecharge", "pk": 54, "fields": {"customer": 19, "railcar": 73, "demurrage_charge": null, "demurrage_days": 0}}, {"model": "myapp.demurragecharge", "pk": 55, "fields": {"customer": 19, "railcar": 73, "demurrage_charge": "3400.00", "demurrage_days": 0}}, {"model": "myapp.demurragecharge", "pk": 56, "fields": {"customer": 19, "railcar": 74, "demurrage_charge": null, "demurrage_days": 0}}, {"model": "myapp.demurragecharge", "pk": 57, "fields": {"customer": 19, "railcar": 74, "demurrage_charge": "1100.00", "demurrage_days": 0}}, {"model": "myapp.demurragecharge", "pk": 58, "fields": {"customer": 20, "railcar": 75, "demurrage_charge": null, "demurrage_days": 0}}, {"model": "myapp.demurragecharge", "pk": 59, "fields": {"customer": 20, "railcar": 75, "demurrage_charge": "730.00", "demurrage_days": 0}}, {"model": "myapp.demurragecharge", "pk": 60, "fields": {"customer": 20, "railcar": 76, "demurrage_charge": null, "demurrage_days": 0}}, {"model": "myapp.demurragecharge", "pk": 61, "fields": {"customer": 20, "railcar": 76, "demurrage_charge": "270.00", "demurrage_days": 0}}, {"model": "myapp.demurragecharge", "pk": 62, "fields": {"customer": 20, "railcar": 77, "demurrage_charge": "270.00", "demurrage_days": 0}}, {"model": "myapp.demurragecharge", "pk": 63, "fields": {"customer": 20, "railcar": 77, "demurrage_charge": "270.00", "demurrage_days": 0}}, {"model": "myapp.demurragecharge", "pk": 64, "fields": {"customer": 20, "railcar": 78, "demurrage_charge": "730.00", "demurrage_days": 0}}, {"model": "myapp.demurragecharge", "pk": 65, "fields": {"customer": 20, "railcar": 78, "demurrage_charge": "730.00", "demurrage_days": 0}}, {"model": "myapp.demurragecharge", "pk": 66, "fields": {"customer": 21, "railcar": 79, "demurrage_charge": "170.00", "demurrage_days": 0}}, {"model": "myapp.demurragecharge", "pk": 67, "fields": {"customer": 21, "railcar": 79, "demurrage_charge": "170.00", "demurrage_days": 0}}, {"model": "myapp.demurragecharge", "pk": 68, "fields": {"customer": 21, "railcar": 80, "demurrage_charge": "170.00", "demurrage_days": 0}}, {"model": "myapp.demurragecharge", "pk": 69, "fields": {"customer": 21, "railcar": 80, "demurrage_charge": "170.00", "demurrage_days": 0}}, {"model": "myapp.demurragecharge", "pk": 70, "fields": {"customer": 21, "railcar": 81, "demurrage_charge": "170.00", "demurrage_days": 0}}, {"model": "myapp.demurragecharge", "pk": 71, "fields": {"customer": 21, "railcar": 81, "demurrage_charge": "170.00", "demurrage_days": 0}}, {"model": "myapp.demurragecharge", "pk": 72, "fields": {"customer": 21, "railcar": 82, "demurrage_charge": null, "demurrage_days": 0}}, {"model": "myapp.demurragecharge", "pk": 73, "fields": {"customer": 21, "railcar": 82, "demurrage_charge": "170.00", "demurrage_days": 0}}, {"model": "myapp.demurragecharge", "pk": 74, "fields": {"customer": 21, "railcar": 83, "demurrage_charge": "170.00", "demurrage_days": 0}}, {"model": "myapp.demurragecharge", "pk": 75, "fields": {"customer": 21, "railcar": 83, "demurrage_charge": "170.00", "demurrage_days": 0}}, {"model": "myapp.demurragecharge", "pk": 76, "fields": {"customer": 21, "railcar": 84, "demurrage_charge": "170.00", "demurrage_days": 0}}, {"model": "myapp.demurragecharge", "pk": 77, "fields": {"customer": 21, "railcar": 84, "demurrage_charge": "170.00", "demurrage_days": 0}}, {"model": "myapp.demurragecharge", "pk": 78, "fields": {"customer": 19, "railcar": 85, "demurrage_charge": "1100.00", "demurrage_days": 0}}, {"model": "myapp.demurragecharge", "pk": 79, "fields": {"customer": 19, "railcar": 85, "demurrage_charge": "1100.00", "demurrage_days": 0}}, {"model": "myapp.demurragecharge", "pk": 80, "fields": {"customer": 21, "railcar": 86, "demurrage_charge": "170.00", "demurrage_days": 0}}, {"model": "myapp.demurragecharge", "pk": 81, "fields": {"customer": 21, "railcar": 86, "demurrage_charge": "170.00", "demurrage_days": 0}}, {"model": "myapp.demurragecharge", "pk": 82, "fields": {"customer": 21, "railcar": 87, "demurrage_charge": "170.00", "demurrage_days": 0}}, {"model": "myapp.demurragecharge", "pk": 83, "fields": {"customer": 21, "railcar": 87, "demurrage_charge": "170.00", "demurrage_days": 0}}, {"model": "myapp.demurragecharge", "pk": 84, "fields": {"customer": 20, "railcar": 88, "demurrage_charge": "730.00", "demurrage_days": 0}}, {"model": "myapp.demurragecharge", "pk": 85, "fields": {"customer": 20, "railcar": 88, "demurrage_charge": "730.00", "demurrage_days": 0}}, {"model": "myapp.demurragecharge", "pk": 86, "fields": {"customer": 20, "railcar": 89, "demurrage_charge": "830.00", "demurrage_days": 0}}, {"model": "myapp.demurragecharge", "pk": 87, "fields": {"customer": 20, "railcar": 89, "demurrage_charge": "830.00", "demurrage_days": 0}}, {"model": "myapp.demurragecharge", "pk": 88, "fields": {"customer": 20, "railcar": 90, "demurrage_charge": "270.00", "demurrage_days": 0}}, {"model": "myapp.demurragecharge", "pk": 89, "fields": {"customer": 21, "railcar": 91, "demurrage_charge": "170.00", "demurrage_days": 0}}, {"model": "myapp.demurragecharge", "pk": 90, "fields": {"customer": 20, "railcar": 92, "demurrage_charge": "270.00", "demurrage_days": 0}}, {"model": "myapp.demurragecharge", "pk": 91, "fields": {"customer": 21, "railcar": 93, "demurrage_charge": "630.00", "demurrage_days": 0}}, {"model": "myapp.demurragecharge", "pk": 92, "fields": {"customer": 21, "railcar": 94, "demurrage_charge": "170.00", "demurrage_days": 0}}, {"model": "myapp.demurragecharge", "pk": 93, "fields": {"customer": 21, "railcar": 95, "demurrage_charge": "630.00", "demurrage_days": 0}}, {"model": "myapp.demurragecharge", "pk": 94, "fields": {"customer": 21, "railcar": 96, "demurrage_charge": "170.00", "demurrage_days": 0}}, {"model": "myapp.demurragecharge", "pk": 95, "fields": {"customer": 21, "railcar": 97, "demurrage_charge": "630.00", "demurrage_days": 0}}, {"model": "myapp.demurragecharge", "pk": 96, "fields": {"customer": 17, "railcar": 98, "demurrage_charge": "0.00", "demurrage_days": 0}}, {"model": "myapp.demurragecharge", "pk": 97, "fields": {"customer": 21, "railcar": 99, "demurrage_charge": "170.00", "demurrage_days": 0}}, {"model": "myapp.demurragecharge", "pk": 98, "fields": {"customer": 20, "railcar": 101, "demurrage_charge": "770.00", "demurrage_days": 0}}, {"model": "myapp.demurragecharge", "pk": 99, "fields": {"customer": 19, "railcar": 100, "demurrage_charge": "1350.00", "demurrage_days": 0}}, {"model": "myapp.demurragecharge", "pk": 100, "fields": {"customer": 19, "railcar": 102, "demurrage_charge": "3650.00", "demurrage_days": 0}}, {"model": "myapp.demurragecharge", "pk": 101, "fields": {"customer": 21, "railcar": 103, "demurrage_charge": "780.00", "demurrage_days": 0}}, {"model": "myapp.demurragecharge", "pk": 102, "fields": {"customer": 17, "railcar": 104, "demurrage_charge": "0.00", "demurrage_days": 0}}, {"model": "myapp.demurragecharge", "pk": 103, "fields": {"customer": 19, "railcar": 105, "demurrage_charge": "3650.00", "demurrage_days": 0}}, {"model": "myapp.demurragecharge", "pk": 104, "fields": {"customer": 15, "railcar": 106, "demurrage_charge": "1700.00", "demurrage_days": 0}}, {"model": "myapp.demurragecharge", "pk": 105, "fields": {"customer": 19, "railcar": 107, "demurrage_charge": "3700.00", "demurrage_days": 0}}, {"model": "myapp.demurragecharge", "pk": 106, "fields": {"customer": 20, "railcar": 108, "demurrage_charge": "790.00", "demurrage_days": 0}}, {"model": "myapp.demurragecharge", "pk": 107, "fields": {"customer": 21, "railcar": 109, "demurrage_charge": "230.00", "demurrage_days": 0}}, {"model": "myapp.demurragecharge", "pk": 108, "fields": {"customer": 19, "railcar": 110, "demurrage_charge": "1400.00", "demurrage_days": 0}}, {"model": "myapp.demurragecharge", "pk": 109, "fields": {"customer": 19, "railcar": 111, "demurrage_charge": "0.00", "demurrage_days": 0}}, {"model": "myapp.demurragecharge", "pk": 110, "fields": {"customer": 19, "railcar": 112, "demurrage_charge": "1400.00", "demurrage_days": 0}}, {"model": "myapp.demurragecharge", "pk": 111, "fields": {"customer": 19, "railcar": 113, "demurrage_charge": "200.00", "demurrage_days": 0}}, {"model": "myapp.demurragecharge", "pk": 112, "fields": {"customer": 19, "railcar": 114, "demurrage_charge": "3700.00", "demurrage_days": 0}}, {"model": "myapp.demurragecharge", "pk": 113, "fields": {"customer": 20, "railcar": 115, "demurrage_charge": "790.00", "demurrage_days": 0}}, {"model": "myapp.demurragecharge", "pk": 114, "fields": {"customer": 19, "railcar": 116, "demurrage_charge": "1400.00", "demurrage_days": 0}}, {"model": "myapp.demurragecharge", "pk": 115, "fields": {"customer": 19, "railcar": 117, "demurrage_charge": "3700.00", "demurrage_days": 0}}, {"model": "myapp.demurragecharge", "pk": 116, "fields": {"customer": 19, "railcar": 118, "demurrage_charge": "0.00", "demurrage_days": 0}}, {"model": "myapp.demurragecharge", "pk": 117, "fields": {"customer": 15, "railcar": 120, "demurrage_charge": "575.00", "demurrage_days": 0}}, {"model": "myapp.demurragecharge", "pk": 118, "fields": {"customer": 15, "railcar": 119, "demurrage_charge": "0.00", "demurrage_days": 0}}, {"model": "myapp.demurragecharge", "pk": 119, "fields": {"customer": 19, "railcar": 121, "demurrage_charge": "1450.00", "demurrage_days": 0}}, {"model": "myapp.demurragecharge", "pk": 120, "fields": {"customer": 19, "railcar": 122, "demurrage_charge": "3750.00", "demurrage_days": 0}}, {"model": "myapp.demurragecharge", "pk": 121, "fields": {"customer": 17, "railcar": 123, "demurrage_charge": "0.00", "demurrage_days": 0}}, {"model": "myapp.demurragecharge", "pk": 122, "fields": {"customer": 20, "railcar": 124, "demurrage_charge": "800.00", "demurrage_days": 0}}, {"model": "myapp.demurragecharge", "pk": 123, "fields": {"customer": 19, "railcar": 125, "demurrage_charge": "1450.00", "demurrage_days": 0}}, {"model": "myapp.demurragecharge", "pk": 124, "fields": {"customer": 19, "railcar": 126, "demurrage_charge": "0.00", "demurrage_days": 0}}, {"model": "myapp.demurragecharge", "pk": 125, "fields": {"customer": 21, "railcar": 127, "demurrage_charge": "0.00", "demurrage_days": 0}}, {"model": "myapp.demurragecharge", "pk": 126, "fields": {"customer": 19, "railcar": 128, "demurrage_charge": "100.00", "demurrage_days": 0}}, {"model": "myapp.demurragecharge", "pk": 127, "fields": {"customer": 19, "railcar": 129, "demurrage_charge": "100.00", "demurrage_days": 0}}, {"model": "myapp.demurragecharge", "pk": 128, "fields": {"customer": 21, "railcar": 130, "demurrage_charge": "740.00", "demurrage_days": 0}}, {"model": "myapp.demurragecharge", "pk": 129, "fields": {"customer": 21, "railcar": 131, "demurrage_charge": "740.00", "demurrage_days": 0}}, {"model": "myapp.demurragecharge", "pk": 130, "fields": {"customer": 21, "railcar": 132, "demurrage_charge": "0.00", "demurrage_days": 0}}, {"model": "myapp.demurragecharge", "pk": 131, "fields": {"customer": 19, "railcar": 133, "demurrage_charge": "200.00", "demurrage_days": 4}}, {"model": "myapp.demurragecharge", "pk": 132, "fields": {"customer": 22, "railcar": 134, "demurrage_charge": "90.00", "demurrage_days": 0}}, {"model": "myapp.demurragecharge", "pk": 133, "fields": {"customer": 22, "railcar": 135, "demurrage_charge": "90.00", "demurrage_days": 0}}, {"model": "myapp.demurragecharge", "pk": 134, "fields": {"customer": 21, "railcar": 136, "demurrage_charge": "0.00", "demurrage_days": 0}}, {"model": "myapp.demurragecharge", "pk": 135, "fields": {"customer": 22, "railcar": 137, "demurrage_charge": "100.00", "demurrage_days": 0}}, {"model": "myapp.demurragecharge", "pk": 136, "fields": {"customer": 21, "railcar": 138, "demurrage_charge": "0.00", "demurrage_days": 0}}, {"model": "myapp.demurragecharge", "pk": 137, "fields": {"customer": 21, "railcar": 139, "demurrage_charge": "40.00", "demurrage_days": 4}}, {"model": "myapp.demurragecharge", "pk": 138, "fields": {"customer": 21, "railcar": 141, "demurrage_charge": "40.00", "demurrage_days": 0}}, {"model": "myapp.demurragecharge", "pk": 139, "fields": {"customer": 21, "railcar": 140, "demurrage_charge": "60.00", "demurrage_days": 0}}, {"model": "myapp.demurragecharge", "pk": 140, "fields": {"customer": 21, "railcar": 142, "demurrage_charge": "380.00", "demurrage_days": 0}}, {"model": "myapp.demurragecharge", "pk": 141, "fields": {"customer": 21, "railcar": 143, "demurrage_charge": "380.00", "demurrage_days": 0}}, {"model": "myapp.demurragecharge", "pk": 142, "fields": {"customer": 15, "railcar": 144, "demurrage_charge": "175.00", "demurrage_days": 0}}, {"model": "myapp.demurragecharge", "pk": 143, "fields": {"customer": 15, "railcar": 146, "demurrage_charge": "175.00", "demurrage_days": 7}}, {"model": "myapp.demurragecharge", "pk": 144, "fields": {"customer": 20, "railcar": 150, "demurrage_charge": "0.00", "demurrage_days": 0}}, {"model": "myapp.demurragecharge", "pk": 145, "fields": {"customer": 20, "railcar": 151, "demurrage_charge": "0.00", "demurrage_days": 0}}, {"model": "myapp.demurragecharge", "pk": 146, "fields": {"customer": 20, "railcar": 149, "demurrage_charge": "0.00", "demurrage_days": 0}}, {"model": "myapp.demurragecharge", "pk": 147, "fields": {"customer": 23, "railcar": 145, "demurrage_charge": "200.00", "demurrage_days": 0}}, {"model": "myapp.demurragecharge", "pk": 148, "fields": {"customer": 20, "railcar": 152, "demurrage_charge": "0.00", "demurrage_days": 0}}, {"model": "myapp.demurragecharge", "pk": 149, "fields": {"customer": 20, "railcar": 153, "demurrage_charge": "0.00", "demurrage_days": 0}}, {"model": "myapp.demurragecharge", "pk": 150, "fields": {"customer": 20, "railcar": 154, "demurrage_charge": "0.00", "demurrage_days": 0}}, {"model": "myapp.demurragecharge", "pk": 151, "fields": {"customer": 24, "railcar": 155, "demurrage_charge": "210.00", "demurrage_days": 21}}, {"model": "myapp.demurragecharge", "pk": 152, "fields": {"customer": 20, "railcar": 157, "demurrage_charge": "0.00", "demurrage_days": 21}}, {"model": "myapp.demurragecharge", "pk": 153, "fields": {"customer": 20, "railcar": 158, "demurrage_charge": "0.00", "demurrage_days": 21}}, {"model": "myapp.demurragecharge", "pk": 154, "fields": {"customer": 20, "railcar": 159, "demurrage_charge": "0.00", "demurrage_days": 98}}, {"model": "myapp.demurragecharge", "pk": 155, "fields": {"customer": 20, "railcar": 160, "demurrage_charge": "0.00", "demurrage_days": 21}}, {"model": "myapp.demurragecharge", "pk": 156, "fields": {"customer": 20, "railcar": 161, "demurrage_charge": "0.00", "demurrage_days": 21}}, {"model": "myapp.demurragecharge", "pk": 157, "fields": {"customer": 20, "railcar": 162, "demurrage_charge": "0.00", "demurrage_days": 52}}, {"model": "myapp.demurragecharge", "pk": 158, "fields": {"customer": 24, "railcar": 156, "demurrage_charge": "220.00", "demurrage_days": 22}}, {"model": "myapp.demurragecharge", "pk": 159, "fields": {"customer": 24, "railcar": 163, "demurrage_charge": "220.00", "demurrage_days": 22}}, {"model": "myapp.demurragecharge", "pk": 160, "fields": {"customer": 19, "railcar": 164, "demurrage_charge": "850.00", "demurrage_days": 17}}, {"model": "myapp.demurragecharge", "pk": 161, "fields": {"customer": 20, "railcar": 165, "demurrage_charge": "0.00", "demurrage_days": 22}}, {"model": "myapp.demurragecharge", "pk": 162, "fields": {"customer": 15, "railcar": 166, "demurrage_charge": "325.00", "demurrage_days": 13}}, {"model": "myapp.demurragecharge", "pk": 163, "fields": {"customer": 15, "railcar": 168, "demurrage_charge": "325.00", "demurrage_days": 13}}, {"model": "myapp.demurragecharge", "pk": 164, "fields": {"customer": 23, "railcar": 169, "demurrage_charge": "230.00", "demurrage_days": 23}}, {"model": "myapp.invoice", "pk": 1, "fields": {"email_sent": false, "issue_date": "2024-03-21", "due_date": "2024-04-05", "customer": 19, "railcar": 33, "seller_name": "FT & R Inc.", "seller_address": "9313 Billy the Kid St. El Paso, TX 79907", "seller_contact": "Sally Flores", "total_amount_due": "800.00", "invoice_timestamp": "2024-04-03T21:27:43.908Z", "is_paid": true, "proof_of_payment": "proofs_of_payment/logo_G2XU7st.png"}}, {"model": "myapp.invoice", "pk": 3, "fields": {"email_sent": false, "issue_date": "2024-03-21", "due_date": "2024-04-05", "customer": 15, "railcar": 28, "seller_name": "FT & R Inc.", "seller_address": "9313 Billy the Kid St. El Paso, TX 79907", "seller_contact": "Sally Flores", "total_amount_due": "500.00", "invoice_timestamp": "2024-04-03T21:27:43.908Z", "is_paid": false, "proof_of_payment": ""}}, {"model": "myapp.invoice", "pk": 4, "fields": {"email_sent": false, "issue_date": "2024-03-21", "due_date": "2024-04-05", "customer": 15, "railcar": 30, "seller_name": "FT & R Inc.", "seller_address": "9313 Billy the Kid St. El Paso, TX 79907", "seller_contact": "Sally Flores", "total_amount_due": "500.00", "invoice_timestamp": "2024-04-03T21:27:43.908Z", "is_paid": false, "proof_of_payment": ""}}, {"model": "myapp.invoice", "pk": 5, "fields": {"email_sent": false, "issue_date": "2024-03-21", "due_date": "2024-04-05", "customer": 15, "railcar": 34, "seller_name": "FT & R Inc.", "seller_address": "9313 Billy the Kid St. El Paso, TX 79907", "seller_contact": "Sally Flores", "total_amount_due": "500.00", "invoice_timestamp": "2024-04-03T21:27:43.908Z", "is_paid": false, "proof_of_payment": ""}}, {"model": "myapp.invoice", "pk": 6, "fields": {"email_sent": false, "issue_date": "2024-03-21", "due_date": "2024-04-05", "customer": 19, "railcar": 35, "seller_name": "FT & R Inc.", "seller_address": "9313 Billy the Kid St. El Paso, TX 79907", "seller_contact": "Sally Flores", "total_amount_due": "800.00", "invoice_timestamp": "2024-04-03T21:27:43.908Z", "is_paid": false, "proof_of_payment": ""}}, {"model": "myapp.invoice", "pk": 7, "fields": {"email_sent": false, "issue_date": "2024-03-21", "due_date": "2024-04-05", "customer": 19, "railcar": 36, "seller_name": "FT & R Inc.", "seller_address": "9313 Billy the Kid St. El Paso, TX 79907", "seller_contact": "Sally Flores", "total_amount_due": "800.00", "invoice_timestamp": "2024-04-03T21:27:43.908Z", "is_paid": false, "proof_of_payment": ""}}, {"model": "myapp.invoice", "pk": 8, "fields": {"email_sent": false, "issue_date": "2024-03-22", "due_date": "2024-04-06", "customer": 16, "railcar": 29, "seller_name": "FT & R Inc.", "seller_address": "9313 Billy the Kid St. El Paso, TX 79907", "seller_contact": "Sally Flores", "total_amount_due": "650.00", "invoice_timestamp": "2024-04-03T21:27:43.908Z", "is_paid": false, "proof_of_payment": ""}}, {"model": "myapp.invoice", "pk": 9, "fields": {"email_sent": false, "issue_date": "2024-03-22", "due_date": "2024-04-06", "customer": 17, "railcar": 26, "seller_name": "FT & R Inc.", "seller_address": "9313 Billy the Kid St. El Paso, TX 79907", "seller_contact": "Sally Flores", "total_amount_due": "500.00", "invoice_timestamp": "2024-04-03T21:27:43.908Z", "is_paid": false, "proof_of_payment": ""}}, {"model": "myapp.invoice", "pk": 10, "fields": {"email_sent": false, "issue_date": "2024-03-22", "due_date": "2024-04-06", "customer": 19, "railcar": 37, "seller_name": "FT & R Inc.", "seller_address": "9313 Billy the Kid St. El Paso, TX 79907", "seller_contact": "Sally Flores", "total_amount_due": "800.00", "invoice_timestamp": "2024-04-03T21:27:43.908Z", "is_paid": false, "proof_of_payment": ""}}, {"model": "myapp.invoice", "pk": 11, "fields": {"email_sent": false, "issue_date": "2024-03-22", "due_date": "2024-04-06", "customer": 19, "railcar": 38, "seller_name": "FT & R Inc.", "seller_address": "9313 Billy the Kid St. El Paso, TX 79907", "seller_contact": "Sally Flores", "total_amount_due": "800.00", "invoice_timestamp": "2024-04-03T21:27:43.908Z", "is_paid": false, "proof_of_payment": ""}}, {"model": "myapp.invoice", "pk": 12, "fields": {"email_sent": false, "issue_date": "2024-03-22", "due_date": "2024-04-06", "customer": 19, "railcar": 39, "seller_name": "FT & R Inc.", "seller_address": "9313 Billy the Kid St. El Paso, TX 79907", "seller_contact": "Sally Flores", "total_amount_due": "800.00", "invoice_timestamp": "2024-04-03T21:27:43.908Z", "is_paid": false, "proof_of_payment": ""}}, {"model": "myapp.invoice", "pk": 13, "fields": {"email_sent": false, "issue_date": "2024-03-22", "due_date": "2024-04-06", "customer": 19, "railcar": 40, "seller_name": "FT & R Inc.", "seller_address": "9313 Billy the Kid St. El Paso, TX 79907", "seller_contact": "Sally Flores", "total_amount_due": "800.00", "invoice_timestamp": "2024-04-03T21:27:43.908Z", "is_paid": false, "proof_of_payment": ""}}, {"model": "myapp.invoice", "pk": 14, "fields": {"email_sent": false, "issue_date": "2024-03-22", "due_date": "2024-04-06", "customer": 19, "railcar": 41, "seller_name": "FT & R Inc.", "seller_address": "9313 Billy the Kid St. El Paso, TX 79907", "seller_contact": "Sally Flores", "total_amount_due": "800.00", "invoice_timestamp": "2024-04-03T21:27:43.908Z", "is_paid": false, "proof_of_payment": ""}}, {"model": "myapp.invoice", "pk": 15, "fields": {"email_sent": false, "issue_date": "2024-03-22", "due_date": "2024-04-06", "customer": 19, "railcar": 42, "seller_name": "FT & R Inc.", "seller_address": "9313 Billy the Kid St. El Paso, TX 79907", "seller_contact": "Sally Flores", "total_amount_due": "800.00", "invoice_timestamp": "2024-04-03T21:27:43.908Z", "is_paid": false, "proof_of_payment": ""}}, {"model": "myapp.invoice", "pk": 16, "fields": {"email_sent": false, "issue_date": "2024-03-22", "due_date": "2024-04-06", "customer": 19, "railcar": 43, "seller_name": "FT & R Inc.", "seller_address": "9313 Billy the Kid St. El Paso, TX 79907", "seller_contact": "Sally Flores", "total_amount_due": "800.00", "invoice_timestamp": "2024-04-03T21:27:43.908Z", "is_paid": false, "proof_of_payment": ""}}, {"model": "myapp.invoice", "pk": 17, "fields": {"email_sent": false, "issue_date": "2024-03-22", "due_date": "2024-04-06", "customer": 15, "railcar": 44, "seller_name": "FT & R Inc.", "seller_address": "9313 Billy the Kid St. El Paso, TX 79907", "seller_contact": "Sally Flores", "total_amount_due": "500.00", "invoice_timestamp": "2024-04-03T21:27:43.908Z", "is_paid": false, "proof_of_payment": ""}}, {"model": "myapp.invoice", "pk": 18, "fields": {"email_sent": false, "issue_date": "2024-03-22", "due_date": "2024-04-06", "customer": 19, "railcar": 45, "seller_name": "FT & R Inc.", "seller_address": "9313 Billy the Kid St. El Paso, TX 79907", "seller_contact": "Sally Flores", "total_amount_due": "800.00", "invoice_timestamp": "2024-04-03T21:27:43.908Z", "is_paid": false, "proof_of_payment": ""}}, {"model": "myapp.invoice", "pk": 19, "fields": {"email_sent": false, "issue_date": "2024-03-22", "due_date": "2024-04-06", "customer": 19, "railcar": 46, "seller_name": "FT & R Inc.", "seller_address": "9313 Billy the Kid St. El Paso, TX 79907", "seller_contact": "Sally Flores", "total_amount_due": "800.00", "invoice_timestamp": "2024-04-03T21:27:43.908Z", "is_paid": false, "proof_of_payment": ""}}, {"model": "myapp.invoice", "pk": 20, "fields": {"email_sent": false, "issue_date": "2024-03-22", "due_date": "2024-04-06", "customer": 19, "railcar": 47, "seller_name": "FT & R Inc.", "seller_address": "9313 Billy the Kid St. El Paso, TX 79907", "seller_contact": "Sally Flores", "total_amount_due": "800.00", "invoice_timestamp": "2024-04-03T21:27:43.908Z", "is_paid": false, "proof_of_payment": ""}}, {"model": "myapp.invoice", "pk": 21, "fields": {"email_sent": false, "issue_date": "2024-03-22", "due_date": "2024-04-06", "customer": 19, "railcar": 48, "seller_name": "FT & R Inc.", "seller_address": "9313 Billy the Kid St. El Paso, TX 79907", "seller_contact": "Sally Flores", "total_amount_due": "800.00", "invoice_timestamp": "2024-04-03T21:27:43.908Z", "is_paid": false, "proof_of_payment": ""}}, {"model": "myapp.invoice", "pk": 22, "fields": {"email_sent": false, "issue_date": "2024-03-22", "due_date": "2024-04-06", "customer": 19, "railcar": 49, "seller_name": "FT & R Inc.", "seller_address": "9313 Billy the Kid St. El Paso, TX 79907", "seller_contact": "Sally Flores", "total_amount_due": "800.00", "invoice_timestamp": "2024-04-03T21:27:43.908Z", "is_paid": false, "proof_of_payment": ""}}, {"model": "myapp.invoice", "pk": 23, "fields": {"email_sent": false, "issue_date": "2024-03-22", "due_date": "2024-04-06", "customer": 15, "railcar": 50, "seller_name": "FT & R Inc.", "seller_address": "9313 Billy the Kid St. El Paso, TX 79907", "seller_contact": "Sally Flores", "total_amount_due": "500.00", "invoice_timestamp": "2024-04-03T21:27:43.908Z", "is_paid": false, "proof_of_payment": ""}}, {"model": "myapp.invoice", "pk": 24, "fields": {"email_sent": false, "issue_date": "2024-03-22", "due_date": "2024-04-06", "customer": 15, "railcar": 51, "seller_name": "FT & R Inc.", "seller_address": "9313 Billy the Kid St. El Paso, TX 79907", "seller_contact": "Sally Flores", "total_amount_due": "500.00", "invoice_timestamp": "2024-04-03T21:27:43.908Z", "is_paid": false, "proof_of_payment": ""}}, {"model": "myapp.invoice", "pk": 25, "fields": {"email_sent": false, "issue_date": "2024-03-22", "due_date": "2024-04-06", "customer": 15, "railcar": 52, "seller_name": "FT & R Inc.", "seller_address": "9313 Billy the Kid St. El Paso, TX 79907", "seller_contact": "Sally Flores", "total_amount_due": "500.00", "invoice_timestamp": "2024-04-03T21:27:43.908Z", "is_paid": false, "proof_of_payment": ""}}, {"model": "myapp.invoice", "pk": 26, "fields": {"email_sent": false, "issue_date": "2024-03-22", "due_date": "2024-04-06", "customer": 15, "railcar": 53, "seller_name": "FT & R Inc.", "seller_address": "9313 Billy the Kid St. El Paso, TX 79907", "seller_contact": "Sally Flores", "total_amount_due": "500.00", "invoice_timestamp": "2024-04-03T21:27:43.908Z", "is_paid": false, "proof_of_payment": ""}}, {"model": "myapp.invoice", "pk": 27, "fields": {"email_sent": false, "issue_date": "2024-03-22", "due_date": "2024-04-06", "customer": 15, "railcar": 54, "seller_name": "FT & R Inc.", "seller_address": "9313 Billy the Kid St. El Paso, TX 79907", "seller_contact": "Sally Flores", "total_amount_due": "500.00", "invoice_timestamp": "2024-04-03T21:27:43.908Z", "is_paid": false, "proof_of_payment": ""}}, {"model": "myapp.invoice", "pk": 28, "fields": {"email_sent": false, "issue_date": "2024-03-22", "due_date": "2024-04-06", "customer": 15, "railcar": 55, "seller_name": "FT & R Inc.", "seller_address": "9313 Billy the Kid St. El Paso, TX 79907", "seller_contact": "Sally Flores", "total_amount_due": "500.00", "invoice_timestamp": "2024-04-03T21:27:43.908Z", "is_paid": false, "proof_of_payment": ""}}, {"model": "myapp.invoice", "pk": 29, "fields": {"email_sent": false, "issue_date": "2024-03-22", "due_date": "2024-04-06", "customer": 15, "railcar": 56, "seller_name": "FT & R Inc.", "seller_address": "9313 Billy the Kid St. El Paso, TX 79907", "seller_contact": "Sally Flores", "total_amount_due": "500.00", "invoice_timestamp": "2024-04-03T21:27:43.908Z", "is_paid": false, "proof_of_payment": ""}}, {"model": "myapp.invoice", "pk": 30, "fields": {"email_sent": false, "issue_date": "2024-03-22", "due_date": "2024-04-06", "customer": 15, "railcar": 57, "seller_name": "FT & R Inc.", "seller_address": "9313 Billy the Kid St. El Paso, TX 79907", "seller_contact": "Sally Flores", "total_amount_due": "500.00", "invoice_timestamp": "2024-04-03T21:27:43.908Z", "is_paid": false, "proof_of_payment": ""}}, {"model": "myapp.invoice", "pk": 31, "fields": {"email_sent": false, "issue_date": "2024-03-22", "due_date": "2024-04-06", "customer": 19, "railcar": 58, "seller_name": "FT & R Inc.", "seller_address": "9313 Billy the Kid St. El Paso, TX 79907", "seller_contact": "Sally Flores", "total_amount_due": "800.00", "invoice_timestamp": "2024-04-03T21:27:43.908Z", "is_paid": false, "proof_of_payment": ""}}, {"model": "myapp.invoice", "pk": 32, "fields": {"email_sent": false, "issue_date": "2024-03-22", "due_date": "2024-04-06", "customer": 17, "railcar": 59, "seller_name": "FT & R Inc.", "seller_address": "9313 Billy the Kid St. El Paso, TX 79907", "seller_contact": "Sally Flores", "total_amount_due": "500.00", "invoice_timestamp": "2024-04-03T21:27:43.908Z", "is_paid": false, "proof_of_payment": ""}}, {"model": "myapp.invoice", "pk": 33, "fields": {"email_sent": false, "issue_date": "2024-03-25", "due_date": "2024-04-09", "customer": 19, "railcar": 60, "seller_name": "FT & R Inc.", "seller_address": "9313 Billy the Kid St. El Paso, TX 79907", "seller_contact": "Sally Flores", "total_amount_due": "800.00", "invoice_timestamp": "2024-04-03T21:27:43.908Z", "is_paid": false, "proof_of_payment": ""}}, {"model": "myapp.invoice", "pk": 34, "fields": {"email_sent": false, "issue_date": "2024-03-25", "due_date": "2024-04-09", "customer": 20, "railcar": 61, "seller_name": "FT & R Inc.", "seller_address": "9313 Billy the Kid St. El Paso, TX 79907", "seller_contact": "Sally Flores", "total_amount_due": "1000.00", "invoice_timestamp": "2024-04-03T21:27:43.908Z", "is_paid": false, "proof_of_payment": ""}}, {"model": "myapp.invoice", "pk": 35, "fields": {"email_sent": false, "issue_date": "2024-03-25", "due_date": "2024-04-09", "customer": 17, "railcar": 63, "seller_name": "FT & R Inc.", "seller_address": "9313 Billy the Kid St. El Paso, TX 79907", "seller_contact": "Sally Flores", "total_amount_due": "500.00", "invoice_timestamp": "2024-04-03T21:27:43.908Z", "is_paid": false, "proof_of_payment": ""}}, {"model": "myapp.invoice", "pk": 36, "fields": {"email_sent": false, "issue_date": "2024-03-25", "due_date": "2024-04-09", "customer": 19, "railcar": 62, "seller_name": "FT & R Inc.", "seller_address": "9313 Billy the Kid St. El Paso, TX 79907", "seller_contact": "Sally Flores", "total_amount_due": "800.00", "invoice_timestamp": "2024-04-03T21:27:43.908Z", "is_paid": false, "proof_of_payment": ""}}, {"model": "myapp.invoice", "pk": 37, "fields": {"email_sent": false, "issue_date": "2024-03-25", "due_date": "2024-04-09", "customer": 19, "railcar": 64, "seller_name": "FT & R Inc.", "seller_address": "9313 Billy the Kid St. El Paso, TX 79907", "seller_contact": "Sally Flores", "total_amount_due": "800.00", "invoice_timestamp": "2024-04-03T21:27:43.908Z", "is_paid": false, "proof_of_payment": ""}}, {"model": "myapp.invoice", "pk": 38, "fields": {"email_sent": false, "issue_date": "2024-03-28", "due_date": "2024-04-12", "customer": 19, "railcar": 65, "seller_name": "FT & R Inc.", "seller_address": "9313 Billy the Kid St. El Paso, TX 79907", "seller_contact": "Sally Flores", "total_amount_due": "800.00", "invoice_timestamp": "2024-04-03T21:27:43.908Z", "is_paid": false, "proof_of_payment": ""}}, {"model": "myapp.invoice", "pk": 39, "fields": {"email_sent": false, "issue_date": "2024-03-28", "due_date": "2024-04-12", "customer": 19, "railcar": 66, "seller_name": "FT & R Inc.", "seller_address": "9313 Billy the Kid St. El Paso, TX 79907", "seller_contact": "Sally Flores", "total_amount_due": "800.00", "invoice_timestamp": "2024-04-03T21:27:43.908Z", "is_paid": false, "proof_of_payment": ""}}, {"model": "myapp.invoice", "pk": 40, "fields": {"email_sent": false, "issue_date": "2024-03-28", "due_date": "2024-04-12", "customer": 19, "railcar": 67, "seller_name": "FT & R Inc.", "seller_address": "9313 Billy the Kid St. El Paso, TX 79907", "seller_contact": "Sally Flores", "total_amount_due": "800.00", "invoice_timestamp": "2024-04-03T21:27:43.908Z", "is_paid": false, "proof_of_payment": ""}}, {"model": "myapp.invoice", "pk": 41, "fields": {"email_sent": false, "issue_date": "2024-03-28", "due_date": "2024-04-12", "customer": 19, "railcar": 68, "seller_name": "FT & R Inc.", "seller_address": "9313 Billy the Kid St. El Paso, TX 79907", "seller_contact": "Sally Flores", "total_amount_due": "800.00", "invoice_timestamp": "2024-04-03T21:27:43.908Z", "is_paid": false, "proof_of_payment": ""}}, {"model": "myapp.invoice", "pk": 42, "fields": {"email_sent": false, "issue_date": "2024-03-28", "due_date": "2024-04-12", "customer": 19, "railcar": 69, "seller_name": "FT & R Inc.", "seller_address": "9313 Billy the Kid St. El Paso, TX 79907", "seller_contact": "Sally Flores", "total_amount_due": "800.00", "invoice_timestamp": "2024-04-03T21:27:43.908Z", "is_paid": false, "proof_of_payment": ""}}, {"model": "myapp.invoice", "pk": 43, "fields": {"email_sent": false, "issue_date": "2024-03-28", "due_date": "2024-04-12", "customer": 19, "railcar": 70, "seller_name": "FT & R Inc.", "seller_address": "9313 Billy the Kid St. El Paso, TX 79907", "seller_contact": "Sally Flores", "total_amount_due": "800.00", "invoice_timestamp": "2024-04-03T21:27:43.908Z", "is_paid": false, "proof_of_payment": ""}}, {"model": "myapp.invoice", "pk": 44, "fields": {"email_sent": false, "issue_date": "2024-03-28", "due_date": "2024-04-12", "customer": 19, "railcar": 71, "seller_name": "FT & R Inc.", "seller_address": "9313 Billy the Kid St. El Paso, TX 79907", "seller_contact": "Sally Flores", "total_amount_due": "800.00", "invoice_timestamp": "2024-04-03T21:27:43.908Z", "is_paid": false, "proof_of_payment": ""}}, {"model": "myapp.invoice", "pk": 45, "fields": {"email_sent": false, "issue_date": "2024-03-28", "due_date": "2024-04-12", "customer": 19, "railcar": 72, "seller_name": "FT & R Inc.", "seller_address": "9313 Billy the Kid St. El Paso, TX 79907", "seller_contact": "Sally Flores", "total_amount_due": "800.00", "invoice_timestamp": "2024-04-03T21:27:43.908Z", "is_paid": false, "proof_of_payment": ""}}, {"model": "myapp.invoice", "pk": 46, "fields": {"email_sent": false, "issue_date": "2024-03-28", "due_date": "2024-04-12", "customer": 19, "railcar": 73, "seller_name": "FT & R Inc.", "seller_address": "9313 Billy the Kid St. El Paso, TX 79907", "seller_contact": "Sally Flores", "total_amount_due": "800.00", "invoice_timestamp": "2024-04-03T21:27:43.908Z", "is_paid": false, "proof_of_payment": ""}}, {"model": "myapp.invoice", "pk": 47, "fields": {"email_sent": false, "issue_date": "2024-03-28", "due_date": "2024-04-12", "customer": 19, "railcar": 74, "seller_name": "FT & R Inc.", "seller_address": "9313 Billy the Kid St. El Paso, TX 79907", "seller_contact": "Sally Flores", "total_amount_due": "800.00", "invoice_timestamp": "2024-04-03T21:27:43.908Z", "is_paid": false, "proof_of_payment": ""}}, {"model": "myapp.invoice", "pk": 48, "fields": {"email_sent": false, "issue_date": "2024-03-28", "due_date": "2024-04-12", "customer": 20, "railcar": 75, "seller_name": "FT & R Inc.", "seller_address": "9313 Billy the Kid St. El Paso, TX 79907", "seller_contact": "Sally Flores", "total_amount_due": "1000.00", "invoice_timestamp": "2024-04-03T21:27:43.908Z", "is_paid": false, "proof_of_payment": ""}}, {"model": "myapp.invoice", "pk": 49, "fields": {"email_sent": false, "issue_date": "2024-03-28", "due_date": "2024-04-12", "customer": 20, "railcar": 76, "seller_name": "FT & R Inc.", "seller_address": "9313 Billy the Kid St. El Paso, TX 79907", "seller_contact": "Sally Flores", "total_amount_due": "1000.00", "invoice_timestamp": "2024-04-03T21:27:43.908Z", "is_paid": false, "proof_of_payment": ""}}, {"model": "myapp.invoice", "pk": 50, "fields": {"email_sent": false, "issue_date": "2024-03-28", "due_date": "2024-04-12", "customer": 20, "railcar": 77, "seller_name": "FT & R Inc.", "seller_address": "9313 Billy the Kid St. El Paso, TX 79907", "seller_contact": "Sally Flores", "total_amount_due": "1270.00", "invoice_timestamp": "2024-04-03T21:27:43.908Z", "is_paid": false, "proof_of_payment": ""}}, {"model": "myapp.invoice", "pk": 51, "fields": {"email_sent": false, "issue_date": "2024-03-28", "due_date": "2024-04-12", "customer": 20, "railcar": 78, "seller_name": "FT & R Inc.", "seller_address": "9313 Billy the Kid St. El Paso, TX 79907", "seller_contact": "Sally Flores", "total_amount_due": "1730.00", "invoice_timestamp": "2024-04-03T21:27:43.908Z", "is_paid": false, "proof_of_payment": ""}}, {"model": "myapp.invoice", "pk": 52, "fields": {"email_sent": false, "issue_date": "2024-03-28", "due_date": "2024-04-12", "customer": 21, "railcar": 79, "seller_name": "FT & R Inc.", "seller_address": "9313 Billy the Kid St. El Paso, TX 79907", "seller_contact": "Sally Flores", "total_amount_due": "570.00", "invoice_timestamp": "2024-04-03T21:27:43.908Z", "is_paid": false, "proof_of_payment": ""}}, {"model": "myapp.invoice", "pk": 53, "fields": {"email_sent": false, "issue_date": "2024-03-28", "due_date": "2024-04-12", "customer": 21, "railcar": 80, "seller_name": "FT & R Inc.", "seller_address": "9313 Billy the Kid St. El Paso, TX 79907", "seller_contact": "Sally Flores", "total_amount_due": "570.00", "invoice_timestamp": "2024-04-03T21:27:43.908Z", "is_paid": false, "proof_of_payment": ""}}, {"model": "myapp.invoice", "pk": 54, "fields": {"email_sent": false, "issue_date": "2024-03-28", "due_date": "2024-04-12", "customer": 21, "railcar": 81, "seller_name": "FT & R Inc.", "seller_address": "9313 Billy the Kid St. El Paso, TX 79907", "seller_contact": "Sally Flores", "total_amount_due": "570.00", "invoice_timestamp": "2024-04-03T21:27:43.908Z", "is_paid": false, "proof_of_payment": ""}}, {"model": "myapp.invoice", "pk": 55, "fields": {"email_sent": false, "issue_date": "2024-03-28", "due_date": "2024-04-12", "customer": 21, "railcar": 82, "seller_name": "FT & R Inc.", "seller_address": "9313 Billy the Kid St. El Paso, TX 79907", "seller_contact": "Sally Flores", "total_amount_due": "570.00", "invoice_timestamp": "2024-04-03T21:27:43.908Z", "is_paid": false, "proof_of_payment": ""}}, {"model": "myapp.invoice", "pk": 56, "fields": {"email_sent": false, "issue_date": "2024-03-28", "due_date": "2024-04-12", "customer": 21, "railcar": 83, "seller_name": "FT & R Inc.", "seller_address": "9313 Billy the Kid St. El Paso, TX 79907", "seller_contact": "Sally Flores", "total_amount_due": "570.00", "invoice_timestamp": "2024-04-03T21:27:43.908Z", "is_paid": false, "proof_of_payment": ""}}, {"model": "myapp.invoice", "pk": 57, "fields": {"email_sent": false, "issue_date": "2024-03-28", "due_date": "2024-04-12", "customer": 21, "railcar": 84, "seller_name": "FT & R Inc.", "seller_address": "9313 Billy the Kid St. El Paso, TX 79907", "seller_contact": "Sally Flores", "total_amount_due": "570.00", "invoice_timestamp": "2024-04-03T21:27:43.908Z", "is_paid": false, "proof_of_payment": ""}}, {"model": "myapp.invoice", "pk": 58, "fields": {"email_sent": false, "issue_date": "2024-03-28", "due_date": "2024-04-12", "customer": 19, "railcar": 85, "seller_name": "FT & R Inc.", "seller_address": "9313 Billy the Kid St. El Paso, TX 79907", "seller_contact": "Sally Flores", "total_amount_due": "1900.00", "invoice_timestamp": "2024-04-03T21:27:43.908Z", "is_paid": false, "proof_of_payment": ""}}, {"model": "myapp.invoice", "pk": 59, "fields": {"email_sent": false, "issue_date": "2024-03-28", "due_date": "2024-04-12", "customer": 21, "railcar": 86, "seller_name": "FT & R Inc.", "seller_address": "9313 Billy the Kid St. El Paso, TX 79907", "seller_contact": "Sally Flores", "total_amount_due": "570.00", "invoice_timestamp": "2024-04-03T21:27:43.908Z", "is_paid": false, "proof_of_payment": ""}}, {"model": "myapp.invoice", "pk": 60, "fields": {"email_sent": false, "issue_date": "2024-03-28", "due_date": "2024-04-12", "customer": 21, "railcar": 87, "seller_name": "FT & R Inc.", "seller_address": "9313 Billy the Kid St. El Paso, TX 79907", "seller_contact": "Sally Flores", "total_amount_due": "570.00", "invoice_timestamp": "2024-04-03T21:27:43.908Z", "is_paid": false, "proof_of_payment": ""}}, {"model": "myapp.invoice", "pk": 61, "fields": {"email_sent": false, "issue_date": "2024-03-28", "due_date": "2024-04-12", "customer": 20, "railcar": 88, "seller_name": "FT & R Inc.", "seller_address": "9313 Billy the Kid St. El Paso, TX 79907", "seller_contact": "Sally Flores", "total_amount_due": "1730.00", "invoice_timestamp": "2024-04-03T21:27:43.908Z", "is_paid": false, "proof_of_payment": ""}}, {"model": "myapp.invoice", "pk": 62, "fields": {"email_sent": false, "issue_date": "2024-03-28", "due_date": "2024-04-12", "customer": 20, "railcar": 89, "seller_name": "FT & R Inc.", "seller_address": "9313 Billy the Kid St. El Paso, TX 79907", "seller_contact": "Sally Flores", "total_amount_due": "1830.00", "invoice_timestamp": "2024-04-03T21:27:43.908Z", "is_paid": false, "proof_of_payment": ""}}, {"model": "myapp.invoice", "pk": 63, "fields": {"email_sent": false, "issue_date": "2024-03-28", "due_date": "2024-04-12", "customer": 20, "railcar": 90, "seller_name": "FT & R Inc.", "seller_address": "9313 Billy the Kid St. El Paso, TX 79907", "seller_contact": "Sally Flores", "total_amount_due": "1270.00", "invoice_timestamp": "2024-04-03T21:27:43.908Z", "is_paid": false, "proof_of_payment": ""}}, {"model": "myapp.invoice", "pk": 64, "fields": {"email_sent": false, "issue_date": "2024-03-28", "due_date": "2024-04-12", "customer": 20, "railcar": 92, "seller_name": "FT & R Inc.", "seller_address": "9313 Billy the Kid St. El Paso, TX 79907", "seller_contact": "Sally Flores", "total_amount_due": "1270.00", "invoice_timestamp": "2024-04-03T21:27:43.908Z", "is_paid": false, "proof_of_payment": ""}}, {"model": "myapp.invoice", "pk": 65, "fields": {"email_sent": false, "issue_date": "2024-03-28", "due_date": "2024-04-12", "customer": 21, "railcar": 93, "seller_name": "FT & R Inc.", "seller_address": "9313 Billy the Kid St. El Paso, TX 79907", "seller_contact": "Sally Flores", "total_amount_due": "1030.00", "invoice_timestamp": "2024-04-03T21:27:43.908Z", "is_paid": false, "proof_of_payment": ""}}, {"model": "myapp.invoice", "pk": 66, "fields": {"email_sent": false, "issue_date": "2024-03-28", "due_date": "2024-04-12", "customer": 21, "railcar": 94, "seller_name": "FT & R Inc.", "seller_address": "9313 Billy the Kid St. El Paso, TX 79907", "seller_contact": "Sally Flores", "total_amount_due": "570.00", "invoice_timestamp": "2024-04-03T21:27:43.908Z", "is_paid": false, "proof_of_payment": ""}}, {"model": "myapp.invoice", "pk": 67, "fields": {"email_sent": false, "issue_date": "2024-03-28", "due_date": "2024-04-12", "customer": 21, "railcar": 95, "seller_name": "FT & R Inc.", "seller_address": "9313 Billy the Kid St. El Paso, TX 79907", "seller_contact": "Sally Flores", "total_amount_due": "1030.00", "invoice_timestamp": "2024-04-03T21:27:43.908Z", "is_paid": false, "proof_of_payment": ""}}, {"model": "myapp.invoice", "pk": 68, "fields": {"email_sent": false, "issue_date": "2024-03-28", "due_date": "2024-04-12", "customer": 21, "railcar": 96, "seller_name": "FT & R Inc.", "seller_address": "9313 Billy the Kid St. El Paso, TX 79907", "seller_contact": "Sally Flores", "total_amount_due": "570.00", "invoice_timestamp": "2024-04-03T21:27:43.908Z", "is_paid": false, "proof_of_payment": ""}}, {"model": "myapp.invoice", "pk": 69, "fields": {"email_sent": false, "issue_date": "2024-03-28", "due_date": "2024-04-12", "customer": 21, "railcar": 91, "seller_name": "FT & R Inc.", "seller_address": "9313 Billy the Kid St. El Paso, TX 79907", "seller_contact": "Sally Flores", "total_amount_due": "570.00", "invoice_timestamp": "2024-04-03T21:27:43.908Z", "is_paid": false, "proof_of_payment": ""}}, {"model": "myapp.invoice", "pk": 70, "fields": {"email_sent": false, "issue_date": "2024-03-28", "due_date": "2024-04-12", "customer": 21, "railcar": 97, "seller_name": "FT & R Inc.", "seller_address": "9313 Billy the Kid St. El Paso, TX 79907", "seller_contact": "Sally Flores", "total_amount_due": "1030.00", "invoice_timestamp": "2024-04-03T21:27:43.908Z", "is_paid": false, "proof_of_payment": ""}}, {"model": "myapp.invoice", "pk": 71, "fields": {"email_sent": false, "issue_date": "2024-03-28", "due_date": "2024-04-12", "customer": 17, "railcar": 98, "seller_name": "FT & R Inc.", "seller_address": "9313 Billy the Kid St. El Paso, TX 79907", "seller_contact": "Sally Flores", "total_amount_due": "500.00", "invoice_timestamp": "2024-04-03T21:27:43.908Z", "is_paid": false, "proof_of_payment": ""}}, {"model": "myapp.invoice", "pk": 72, "fields": {"email_sent": false, "issue_date": "2024-03-28", "due_date": "2024-04-12", "customer": 21, "railcar": 99, "seller_name": "FT & R Inc.", "seller_address": "9313 Billy the Kid St. El Paso, TX 79907", "seller_contact": "Sally Flores", "total_amount_due": "570.00", "invoice_timestamp": "2024-04-03T21:27:43.908Z", "is_paid": false, "proof_of_payment": ""}}, {"model": "myapp.invoice", "pk": 73, "fields": {"email_sent": false, "issue_date": "2024-04-01", "due_date": "2024-04-16", "customer": 20, "railcar": 101, "seller_name": "FT & R Inc.", "seller_address": "9313 Billy the Kid St. El Paso, TX 79907", "seller_contact": "Sally Flores", "total_amount_due": "1770.00", "invoice_timestamp": "2024-04-03T21:27:43.908Z", "is_paid": false, "proof_of_payment": ""}}, {"model": "myapp.invoice", "pk": 74, "fields": {"email_sent": false, "issue_date": "2024-04-02", "due_date": "2024-04-17", "customer": 17, "railcar": 104, "seller_name": "FT & R Inc.", "seller_address": "9313 Billy the Kid St. El Paso, TX 79907", "seller_contact": "Sally Flores", "total_amount_due": "500.00", "invoice_timestamp": "2024-04-03T21:27:43.908Z", "is_paid": false, "proof_of_payment": ""}}, {"model": "myapp.invoice", "pk": 75, "fields": {"email_sent": false, "issue_date": "2024-04-02", "due_date": "2024-04-17", "customer": 19, "railcar": 100, "seller_name": "FT & R Inc.", "seller_address": "9313 Billy the Kid St. El Paso, TX 79907", "seller_contact": "Sally Flores", "total_amount_due": "2150.00", "invoice_timestamp": "2024-04-03T21:27:43.908Z", "is_paid": false, "proof_of_payment": ""}}, {"model": "myapp.invoice", "pk": 76, "fields": {"email_sent": false, "issue_date": "2024-04-02", "due_date": "2024-04-17", "customer": 19, "railcar": 102, "seller_name": "FT & R Inc.", "seller_address": "9313 Billy the Kid St. El Paso, TX 79907", "seller_contact": "Sally Flores", "total_amount_due": "4450.00", "invoice_timestamp": "2024-04-03T21:27:43.908Z", "is_paid": false, "proof_of_payment": ""}}, {"model": "myapp.invoice", "pk": 77, "fields": {"email_sent": false, "issue_date": "2024-04-02", "due_date": "2024-04-17", "customer": 21, "railcar": 103, "seller_name": "FT & R Inc.", "seller_address": "9313 Billy the Kid St. El Paso, TX 79907", "seller_contact": "Sally Flores", "total_amount_due": "1180.00", "invoice_timestamp": "2024-04-03T21:27:43.908Z", "is_paid": false, "proof_of_payment": ""}}, {"model": "myapp.invoice", "pk": 78, "fields": {"email_sent": false, "issue_date": "2024-04-02", "due_date": "2024-04-17", "customer": 19, "railcar": 105, "seller_name": "FT & R Inc.", "seller_address": "9313 Billy the Kid St. El Paso, TX 79907", "seller_contact": "Sally Flores", "total_amount_due": "4450.00", "invoice_timestamp": "2024-04-03T21:27:43.908Z", "is_paid": false, "proof_of_payment": ""}}, {"model": "myapp.invoice", "pk": 79, "fields": {"email_sent": false, "issue_date": "2024-04-02", "due_date": "2024-04-17", "customer": 15, "railcar": 106, "seller_name": "FT & R Inc.", "seller_address": "9313 Billy the Kid St. El Paso, TX 79907", "seller_contact": "Sally Flores", "total_amount_due": "2200.00", "invoice_timestamp": "2024-04-03T21:27:43.908Z", "is_paid": false, "proof_of_payment": ""}}, {"model": "myapp.invoice", "pk": 80, "fields": {"email_sent": false, "issue_date": "2024-04-03", "due_date": "2024-04-18", "customer": 19, "railcar": 107, "seller_name": "FT & R Inc.", "seller_address": "9313 Billy the Kid St. El Paso, TX 79907", "seller_contact": "Sally Flores", "total_amount_due": "4500.00", "invoice_timestamp": "2024-04-03T21:27:43.908Z", "is_paid": false, "proof_of_payment": ""}}, {"model": "myapp.invoice", "pk": 81, "fields": {"email_sent": false, "issue_date": "2024-04-03", "due_date": "2024-04-18", "customer": 20, "railcar": 108, "seller_name": "FT & R Inc.", "seller_address": "9313 Billy the Kid St. El Paso, TX 79907", "seller_contact": "Sally Flores", "total_amount_due": "1790.00", "invoice_timestamp": "2024-04-03T21:27:43.908Z", "is_paid": false, "proof_of_payment": ""}}, {"model": "myapp.invoice", "pk": 82, "fields": {"email_sent": false, "issue_date": "2024-04-03", "due_date": "2024-04-18", "customer": 21, "railcar": 109, "seller_name": "FT & R Inc.", "seller_address": "9313 Billy the Kid St. El Paso, TX 79907", "seller_contact": "Sally Flores", "total_amount_due": "630.00", "invoice_timestamp": "2024-04-03T21:27:43.908Z", "is_paid": false, "proof_of_payment": ""}}, {"model": "myapp.invoice", "pk": 83, "fields": {"email_sent": false, "issue_date": "2024-04-03", "due_date": "2024-04-18", "customer": 19, "railcar": 110, "seller_name": "FT & R Inc.", "seller_address": "9313 Billy the Kid St. El Paso, TX 79907", "seller_contact": "Sally Flores", "total_amount_due": "2200.00", "invoice_timestamp": "2024-04-03T21:27:43.908Z", "is_paid": false, "proof_of_payment": ""}}, {"model": "myapp.invoice", "pk": 84, "fields": {"email_sent": false, "issue_date": "2024-04-03", "due_date": "2024-04-18", "customer": 19, "railcar": 111, "seller_name": "FT & R Inc.", "seller_address": "9313 Billy the Kid St. El Paso, TX 79907", "seller_contact": "Sally Flores", "total_amount_due": "800.00", "invoice_timestamp": "2024-04-03T21:27:43.908Z", "is_paid": false, "proof_of_payment": ""}}, {"model": "myapp.invoice", "pk": 85, "fields": {"email_sent": false, "issue_date": "2024-04-03", "due_date": "2024-04-18", "customer": 19, "railcar": 112, "seller_name": "FT & R Inc.", "seller_address": "9313 Billy the Kid St. El Paso, TX 79907", "seller_contact": "Sally Flores", "total_amount_due": "2200.00", "invoice_timestamp": "2024-04-03T21:27:43.908Z", "is_paid": false, "proof_of_payment": ""}}, {"model": "myapp.invoice", "pk": 86, "fields": {"email_sent": false, "issue_date": "2024-04-03", "due_date": "2024-04-18", "customer": 19, "railcar": 113, "seller_name": "FT & R Inc.", "seller_address": "9313 Billy the Kid St. El Paso, TX 79907", "seller_contact": "Sally Flores", "total_amount_due": "1000.00", "invoice_timestamp": "2024-04-03T21:27:43.908Z", "is_paid": false, "proof_of_payment": ""}}, {"model": "myapp.invoice", "pk": 87, "fields": {"email_sent": false, "issue_date": "2024-04-03", "due_date": "2024-04-18", "customer": 19, "railcar": 114, "seller_name": "FT & R Inc.", "seller_address": "9313 Billy the Kid St. El Paso, TX 79907", "seller_contact": "Sally Flores", "total_amount_due": "4500.00", "invoice_timestamp": "2024-04-03T21:43:16.475Z", "is_paid": false, "proof_of_payment": ""}}, {"model": "myapp.invoice", "pk": 88, "fields": {"email_sent": false, "issue_date": "2024-04-03", "due_date": "2024-04-18", "customer": 20, "railcar": 115, "seller_name": "FT & R Inc.", "seller_address": "9313 Billy the Kid St. El Paso, TX 79907", "seller_contact": "Sally Flores", "total_amount_due": "1790.00", "invoice_timestamp": "2024-04-03T22:16:52.812Z", "is_paid": false, "proof_of_payment": ""}}, {"model": "myapp.invoice", "pk": 89, "fields": {"email_sent": false, "issue_date": "2024-04-03", "due_date": "2024-04-18", "customer": 19, "railcar": 116, "seller_name": "FT & R Inc.", "seller_address": "9313 Billy the Kid St. El Paso, TX 79907", "seller_contact": "Sally Flores", "total_amount_due": "2200.00", "invoice_timestamp": "2024-04-03T22:34:20.707Z", "is_paid": false, "proof_of_payment": ""}}, {"model": "myapp.invoice", "pk": 90, "fields": {"email_sent": false, "issue_date": "2024-04-03", "due_date": "2024-04-18", "customer": 19, "railcar": 117, "seller_name": "FT & R Inc.", "seller_address": "9313 Billy the Kid St. El Paso, TX 79907", "seller_contact": "Sally Flores", "total_amount_due": "4500.00", "invoice_timestamp": "2024-04-03T22:55:30.887Z", "is_paid": false, "proof_of_payment": ""}}, {"model": "myapp.invoice", "pk": 91, "fields": {"email_sent": false, "issue_date": "2024-04-03", "due_date": "2024-04-18", "customer": 19, "railcar": 118, "seller_name": "FT & R Inc.", "seller_address": "9313 Billy the Kid St. El Paso, TX 79907", "seller_contact": "Sally Flores", "total_amount_due": "800.00", "invoice_timestamp": "2024-04-03T23:04:06.259Z", "is_paid": false, "proof_of_payment": ""}}, {"model": "myapp.invoice", "pk": 92, "fields": {"email_sent": false, "issue_date": "2024-04-03", "due_date": "2024-04-18", "customer": 15, "railcar": 120, "seller_name": "FT & R Inc.", "seller_address": "9313 Billy the Kid St. El Paso, TX 79907", "seller_contact": "Sally Flores", "total_amount_due": "1075.00", "invoice_timestamp": "2024-04-03T23:12:43.762Z", "is_paid": false, "proof_of_payment": ""}}, {"model": "myapp.invoice", "pk": 93, "fields": {"email_sent": false, "issue_date": "2024-04-03", "due_date": "2024-04-18", "customer": 15, "railcar": 119, "seller_name": "FT & R Inc.", "seller_address": "9313 Billy the Kid St. El Paso, TX 79907", "seller_contact": "Sally Flores", "total_amount_due": "500.00", "invoice_timestamp": "2024-04-03T23:13:07.967Z", "is_paid": false, "proof_of_payment": ""}}, {"model": "myapp.invoice", "pk": 94, "fields": {"email_sent": false, "issue_date": "2024-04-04", "due_date": "2024-04-19", "customer": 19, "railcar": 121, "seller_name": "FT & R Inc.", "seller_address": "9313 Billy the Kid St. El Paso, TX 79907", "seller_contact": "Sally Flores", "total_amount_due": "2250.00", "invoice_timestamp": "2024-04-04T15:18:01.720Z", "is_paid": false, "proof_of_payment": ""}}, {"model": "myapp.invoice", "pk": 95, "fields": {"email_sent": false, "issue_date": "2024-04-04", "due_date": "2024-04-19", "customer": 19, "railcar": 122, "seller_name": "FT & R Inc.", "seller_address": "9313 Billy the Kid St. El Paso, TX 79907", "seller_contact": "Sally Flores", "total_amount_due": "4550.00", "invoice_timestamp": "2024-04-04T16:13:01.813Z", "is_paid": false, "proof_of_payment": ""}}, {"model": "myapp.invoice", "pk": 96, "fields": {"email_sent": false, "issue_date": "2024-04-04", "due_date": "2024-04-19", "customer": 17, "railcar": 123, "seller_name": "FT & R Inc.", "seller_address": "9313 Billy the Kid St. El Paso, TX 79907", "seller_contact": "Sally Flores", "total_amount_due": "500.00", "invoice_timestamp": "2024-04-04T16:13:55.289Z", "is_paid": false, "proof_of_payment": ""}}, {"model": "myapp.invoice", "pk": 97, "fields": {"email_sent": false, "issue_date": "2024-04-04", "due_date": "2024-04-19", "customer": 20, "railcar": 124, "seller_name": "FT & R Inc.", "seller_address": "9313 Billy the Kid St. El Paso, TX 79907", "seller_contact": "Sally Flores", "total_amount_due": "1800.00", "invoice_timestamp": "2024-04-04T17:22:35.105Z", "is_paid": false, "proof_of_payment": ""}}, {"model": "myapp.invoice", "pk": 98, "fields": {"email_sent": false, "issue_date": "2024-04-04", "due_date": "2024-04-19", "customer": 19, "railcar": 125, "seller_name": "FT & R Inc.", "seller_address": "9313 Billy the Kid St. El Paso, TX 79907", "seller_contact": "Sally Flores", "total_amount_due": "2250.00", "invoice_timestamp": "2024-04-04T22:11:04.919Z", "is_paid": false, "proof_of_payment": ""}}, {"model": "myapp.invoice", "pk": 99, "fields": {"email_sent": false, "issue_date": "2024-04-04", "due_date": "2024-04-19", "customer": 19, "railcar": 126, "seller_name": "FT & R Inc.", "seller_address": "9313 Billy the Kid St. El Paso, TX 79907", "seller_contact": "Sally Flores", "total_amount_due": "800.00", "invoice_timestamp": "2024-04-04T22:49:12.830Z", "is_paid": false, "proof_of_payment": ""}}, {"model": "myapp.invoice", "pk": 100, "fields": {"email_sent": false, "issue_date": "2024-04-05", "due_date": "2024-04-20", "customer": 21, "railcar": 127, "seller_name": "FT & R Inc.", "seller_address": "9313 Billy the Kid St. El Paso, TX 79907", "seller_contact": "Sally Flores", "total_amount_due": "400.00", "invoice_timestamp": "2024-04-05T18:20:01.877Z", "is_paid": false, "proof_of_payment": ""}}, {"model": "myapp.invoice", "pk": 101, "fields": {"email_sent": false, "issue_date": "2024-04-08", "due_date": "2024-04-23", "customer": 19, "railcar": 128, "seller_name": "FT & R Inc.", "seller_address": "9313 Billy the Kid St. El Paso, TX 79907", "seller_contact": "Sally Flores", "total_amount_due": "900.00", "invoice_timestamp": "2024-04-08T16:42:58.582Z", "is_paid": false, "proof_of_payment": ""}}, {"model": "myapp.invoice", "pk": 102, "fields": {"email_sent": false, "issue_date": "2024-04-08", "due_date": "2024-04-23", "customer": 19, "railcar": 129, "seller_name": "FT & R Inc.", "seller_address": "9313 Billy the Kid St. El Paso, TX 79907", "seller_contact": "Sally Flores", "total_amount_due": "900.00", "invoice_timestamp": "2024-04-08T16:44:27.296Z", "is_paid": false, "proof_of_payment": ""}}, {"model": "myapp.invoice", "pk": 103, "fields": {"email_sent": false, "issue_date": "2024-04-08", "due_date": "2024-04-23", "customer": 21, "railcar": 130, "seller_name": "FT & R Inc.", "seller_address": "9313 Billy the Kid St. El Paso, TX 79907", "seller_contact": "Sally Flores", "total_amount_due": "1140.00", "invoice_timestamp": "2024-04-08T17:41:11.441Z", "is_paid": false, "proof_of_payment": ""}}, {"model": "myapp.invoice", "pk": 104, "fields": {"email_sent": true, "issue_date": "2024-04-08", "due_date": "2024-04-23", "customer": 21, "railcar": 131, "seller_name": "FT & R Inc.", "seller_address": "9313 Billy the Kid St. El Paso, TX 79907", "seller_contact": "Sally Flores", "total_amount_due": "1140.00", "invoice_timestamp": "2024-04-08T17:43:02.102Z", "is_paid": false, "proof_of_payment": ""}}, {"model": "myapp.invoice", "pk": 105, "fields": {"email_sent": true, "issue_date": "2024-04-10", "due_date": "2024-04-25", "customer": 21, "railcar": 132, "seller_name": "FT & R Inc.", "seller_address": "9313 Billy the Kid St. El Paso, TX 79907", "seller_contact": "Sally Flores", "total_amount_due": "400.00", "invoice_timestamp": "2024-04-10T19:58:17.385Z", "is_paid": false, "proof_of_payment": ""}}, {"model": "myapp.invoice", "pk": 106, "fields": {"email_sent": true, "issue_date": "2024-04-10", "due_date": "2024-04-25", "customer": 19, "railcar": 133, "seller_name": "FT & R Inc.", "seller_address": "9313 Billy the Kid St. El Paso, TX 79907", "seller_contact": "Sally Flores", "total_amount_due": "1000.00", "invoice_timestamp": "2024-04-10T22:36:57.979Z", "is_paid": false, "proof_of_payment": ""}}, {"model": "myapp.invoice", "pk": 107, "fields": {"email_sent": false, "issue_date": "2024-04-10", "due_date": "2024-04-25", "customer": 22, "railcar": 134, "seller_name": "FT & R Inc.", "seller_address": "9313 Billy the Kid St. El Paso, TX 79907", "seller_contact": "Sally Flores", "total_amount_due": "1090.00", "invoice_timestamp": "2024-04-10T22:49:46.769Z", "is_paid": false, "proof_of_payment": ""}}, {"model": "myapp.invoice", "pk": 108, "fields": {"email_sent": false, "issue_date": "2024-04-10", "due_date": "2024-04-25", "customer": 22, "railcar": 135, "seller_name": "FT & R Inc.", "seller_address": "9313 Billy the Kid St. El Paso, TX 79907", "seller_contact": "Sally Flores", "total_amount_due": "1090.00", "invoice_timestamp": "2024-04-10T22:50:34.449Z", "is_paid": false, "proof_of_payment": ""}}, {"model": "myapp.invoice", "pk": 109, "fields": {"email_sent": true, "issue_date": "2024-04-10", "due_date": "2024-04-25", "customer": 21, "railcar": 136, "seller_name": "FT & R Inc.", "seller_address": "9313 Billy the Kid St. El Paso, TX 79907", "seller_contact": "Sally Flores", "total_amount_due": "400.00", "invoice_timestamp": "2024-04-10T23:03:48.714Z", "is_paid": false, "proof_of_payment": ""}}, {"model": "myapp.invoice", "pk": 110, "fields": {"email_sent": true, "issue_date": "2024-04-11", "due_date": "2024-04-26", "customer": 22, "railcar": 137, "seller_name": "FT & R Inc.", "seller_address": "9313 Billy the Kid St. El Paso, TX 79907", "seller_contact": "Sally Flores", "total_amount_due": "1100.00", "invoice_timestamp": "2024-04-11T15:51:12.239Z", "is_paid": false, "proof_of_payment": ""}}, {"model": "myapp.invoice", "pk": 111, "fields": {"email_sent": false, "issue_date": "2024-04-11", "due_date": "2024-04-26", "customer": 21, "railcar": 138, "seller_name": "FT & R Inc.", "seller_address": "9313 Billy the Kid St. El Paso, TX 79907", "seller_contact": "Sally Flores", "total_amount_due": "400.00", "invoice_timestamp": "2024-04-11T16:42:28.079Z", "is_paid": false, "proof_of_payment": ""}}, {"model": "myapp.invoice", "pk": 112, "fields": {"email_sent": false, "issue_date": "2024-04-15", "due_date": "2024-04-30", "customer": 21, "railcar": 141, "seller_name": "FT & R Inc.", "seller_address": "9313 Billy the Kid St. El Paso, TX 79907", "seller_contact": "Sally Flores", "total_amount_due": "440.00", "invoice_timestamp": "2024-04-15T20:31:58.083Z", "is_paid": false, "proof_of_payment": ""}}, {"model": "myapp.invoice", "pk": 113, "fields": {"email_sent": true, "issue_date": "2024-04-18", "due_date": "2024-05-03", "customer": 21, "railcar": 142, "seller_name": "FT & R Inc.", "seller_address": "9313 Billy the Kid St. El Paso, TX 79907", "seller_contact": "Sally Flores", "total_amount_due": "780.00", "invoice_timestamp": "2024-04-18T15:06:53.587Z", "is_paid": false, "proof_of_payment": ""}}, {"model": "myapp.invoice", "pk": 114, "fields": {"email_sent": true, "issue_date": "2024-04-18", "due_date": "2024-05-03", "customer": 21, "railcar": 140, "seller_name": "FT & R Inc.", "seller_address": "9313 Billy the Kid St. El Paso, TX 79907", "seller_contact": "Sally Flores", "total_amount_due": "460.00", "invoice_timestamp": "2024-04-18T16:11:38.171Z", "is_paid": false, "proof_of_payment": ""}}, {"model": "myapp.invoice", "pk": 115, "fields": {"email_sent": true, "issue_date": "2024-04-18", "due_date": "2024-05-03", "customer": 21, "railcar": 143, "seller_name": "FT & R Inc.", "seller_address": "9313 Billy the Kid St. El Paso, TX 79907", "seller_contact": "Sally Flores", "total_amount_due": "780.00", "invoice_timestamp": "2024-04-18T17:00:46.507Z", "is_paid": false, "proof_of_payment": ""}}, {"model": "myapp.invoice", "pk": 116, "fields": {"email_sent": true, "issue_date": "2024-04-18", "due_date": "2024-05-03", "customer": 15, "railcar": 144, "seller_name": "FT & R Inc.", "seller_address": "9313 Billy the Kid St. El Paso, TX 79907", "seller_contact": "Sally Flores", "total_amount_due": "675.00", "invoice_timestamp": "2024-04-18T19:09:06.594Z", "is_paid": false, "proof_of_payment": ""}}, {"model": "myapp.invoice", "pk": 117, "fields": {"email_sent": false, "issue_date": "2024-04-22", "due_date": "2024-05-07", "customer": 20, "railcar": 150, "seller_name": "FT & R Inc.", "seller_address": "9313 Billy the Kid St. El Paso, TX 79907", "seller_contact": "Sally Flores", "total_amount_due": "3000.00", "invoice_timestamp": "2024-04-22T17:47:57.727Z", "is_paid": false, "proof_of_payment": ""}}, {"model": "myapp.invoice", "pk": 118, "fields": {"email_sent": false, "issue_date": "2024-04-22", "due_date": "2024-05-07", "customer": 15, "railcar": 146, "seller_name": "FT & R Inc.", "seller_address": "9313 Billy the Kid St. El Paso, TX 79907", "seller_contact": "Sally Flores", "total_amount_due": "675.00", "invoice_timestamp": "2024-04-22T17:56:45.176Z", "is_paid": false, "proof_of_payment": ""}}, {"model": "myapp.invoice", "pk": 119, "fields": {"email_sent": false, "issue_date": "2024-04-22", "due_date": "2024-05-07", "customer": 20, "railcar": 151, "seller_name": "FT & R Inc.", "seller_address": "9313 Billy the Kid St. El Paso, TX 79907", "seller_contact": "Sally Flores", "total_amount_due": "3000.00", "invoice_timestamp": "2024-04-22T18:20:18.634Z", "is_paid": false, "proof_of_payment": ""}}, {"model": "myapp.invoice", "pk": 120, "fields": {"email_sent": false, "issue_date": "2024-04-22", "due_date": "2024-05-07", "customer": 20, "railcar": 149, "seller_name": "FT & R Inc.", "seller_address": "9313 Billy the Kid St. El Paso, TX 79907", "seller_contact": "Sally Flores", "total_amount_due": "3000.00", "invoice_timestamp": "2024-04-22T18:25:14.198Z", "is_paid": false, "proof_of_payment": ""}}, {"model": "myapp.invoice", "pk": 121, "fields": {"email_sent": true, "issue_date": "2024-04-22", "due_date": "2024-05-07", "customer": 23, "railcar": 145, "seller_name": "FT & R Inc.", "seller_address": "9313 Billy the Kid St. El Paso, TX 79907", "seller_contact": "Sally Flores", "total_amount_due": "700.00", "invoice_timestamp": "2024-04-22T18:25:44.292Z", "is_paid": false, "proof_of_payment": ""}}, {"model": "myapp.invoice", "pk": 122, "fields": {"email_sent": true, "issue_date": "2024-04-22", "due_date": "2024-05-07", "customer": 20, "railcar": 152, "seller_name": "FT & R Inc.", "seller_address": "9313 Billy the Kid St. El Paso, TX 79907", "seller_contact": "Sally Flores", "total_amount_due": "2600.00", "invoice_timestamp": "2024-04-22T18:27:25.432Z", "is_paid": true, "proof_of_payment": "proofs_of_payment/logo_98CWNEa.png"}}, {"model": "myapp.invoice", "pk": 123, "fields": {"email_sent": false, "issue_date": "2024-04-22", "due_date": "2024-05-07", "customer": 20, "railcar": 153, "seller_name": "FT & R Inc.", "seller_address": "9313 Billy the Kid St. El Paso, TX 79907", "seller_contact": "Sally Flores", "total_amount_due": "3000.00", "invoice_timestamp": "2024-04-22T18:38:06.071Z", "is_paid": false, "proof_of_payment": ""}}, {"model": "myapp.invoice", "pk": 124, "fields": {"email_sent": false, "issue_date": "2024-04-22", "due_date": "2024-05-07", "customer": 20, "railcar": 154, "seller_name": "FT & R Inc.", "seller_address": "9313 Billy the Kid St. El Paso, TX 79907", "seller_contact": "Sally Flores", "total_amount_due": "3000.00", "invoice_timestamp": "2024-04-22T18:43:44.560Z", "is_paid": false, "proof_of_payment": ""}}, {"model": "myapp.invoice", "pk": 125, "fields": {"email_sent": false, "issue_date": "2024-04-22", "due_date": "2024-05-07", "customer": 21, "railcar": 139, "seller_name": "FT & R Inc.", "seller_address": "9313 Billy the Kid St. El Paso, TX 79907", "seller_contact": "Sally Flores", "total_amount_due": "440.00", "invoice_timestamp": "2024-04-22T18:46:07.117Z", "is_paid": false, "proof_of_payment": ""}}, {"model": "myapp.invoice", "pk": 126, "fields": {"email_sent": false, "issue_date": "2024-04-22", "due_date": "2024-05-07", "customer": 24, "railcar": 155, "seller_name": "FT & R Inc.", "seller_address": "9313 Billy the Kid St. El Paso, TX 79907", "seller_contact": "Sally Flores", "total_amount_due": "500.00", "invoice_timestamp": "2024-04-22T19:37:03.303Z", "is_paid": false, "proof_of_payment": ""}}, {"model": "myapp.invoice", "pk": 127, "fields": {"email_sent": false, "issue_date": "2024-04-22", "due_date": "2024-05-07", "customer": 20, "railcar": 157, "seller_name": "FT & R Inc.", "seller_address": "9313 Billy the Kid St. El Paso, TX 79907", "seller_contact": "Sally Flores", "total_amount_due": "3000.00", "invoice_timestamp": "2024-04-22T19:38:15.724Z", "is_paid": false, "proof_of_payment": ""}}, {"model": "myapp.invoice", "pk": 128, "fields": {"email_sent": false, "issue_date": "2024-04-22", "due_date": "2024-05-07", "customer": 20, "railcar": 158, "seller_name": "FT & R Inc.", "seller_address": "9313 Billy the Kid St. El Paso, TX 79907", "seller_contact": "Sally Flores", "total_amount_due": "3000.00", "invoice_timestamp": "2024-04-22T22:54:17.134Z", "is_paid": true, "proof_of_payment": "proofs_of_payment/logo_FQZlw45.png"}}, {"model": "myapp.invoice", "pk": 129, "fields": {"email_sent": false, "issue_date": "2024-04-22", "due_date": "2024-05-07", "customer": 20, "railcar": 159, "seller_name": "FT & R Inc.", "seller_address": "9313 Billy the Kid St. El Paso, TX 79907", "seller_contact": "Sally Flores", "total_amount_due": "3000.00", "invoice_timestamp": "2024-04-22T22:56:28.918Z", "is_paid": false, "proof_of_payment": ""}}, {"model": "myapp.invoice", "pk": 130, "fields": {"email_sent": false, "issue_date": "2024-04-22", "due_date": "2024-05-07", "customer": 20, "railcar": 160, "seller_name": "FT & R Inc.", "seller_address": "9313 Billy the Kid St. El Paso, TX 79907", "seller_contact": "Sally Flores", "total_amount_due": "3000.00", "invoice_timestamp": "2024-04-22T23:02:16.885Z", "is_paid": true, "proof_of_payment": "proofs_of_payment/logo_xaGRkac.png"}}, {"model": "myapp.invoice", "pk": 131, "fields": {"email_sent": false, "issue_date": "2024-04-22", "due_date": "2024-05-07", "customer": 20, "railcar": 161, "seller_name": "FT & R Inc.", "seller_address": "9313 Billy the Kid St. El Paso, TX 79907", "seller_contact": "Sally Flores", "total_amount_due": "3000.00", "invoice_timestamp": "2024-04-22T23:08:57.048Z", "is_paid": true, "proof_of_payment": "proofs_of_payment/logo_kPGZFKs.png"}}, {"model": "myapp.invoice", "pk": 132, "fields": {"email_sent": true, "issue_date": "2024-04-22", "due_date": "2024-05-07", "customer": 20, "railcar": 162, "seller_name": "FT & R Inc.", "seller_address": "9313 Billy the Kid St. El Paso, TX 79907", "seller_contact": "Sally Flores", "total_amount_due": "3000.00", "invoice_timestamp": "2024-04-22T23:24:06.127Z", "is_paid": true, "proof_of_payment": "proofs_of_payment/certificate.pdf"}}, {"model": "myapp.invoice", "pk": 133, "fields": {"email_sent": false, "issue_date": "2024-04-23", "due_date": "2024-05-08", "customer": 24, "railcar": 156, "seller_name": "FT & R Inc.", "seller_address": "9313 Billy the Kid St. El Paso, TX 79907", "seller_contact": "Sally Flores", "total_amount_due": "500.00", "invoice_timestamp": "2024-04-23T15:36:03.327Z", "is_paid": true, "proof_of_payment": "proofs_of_payment/logo.png"}}, {"model": "myapp.invoice", "pk": 134, "fields": {"email_sent": false, "issue_date": "2024-04-23", "due_date": "2024-05-08", "customer": 24, "railcar": 163, "seller_name": "FT & R Inc.", "seller_address": "9313 Billy the Kid St. El Paso, TX 79907", "seller_contact": "Sally Flores", "total_amount_due": "720.00", "invoice_timestamp": "2024-04-23T15:38:17.848Z", "is_paid": true, "proof_of_payment": "proofs_of_payment/4-20-21_-_TX_-_State_Notice_-_Dreward_LLC.pdf"}}, {"model": "myapp.invoice", "pk": 135, "fields": {"email_sent": false, "issue_date": "2024-04-23", "due_date": "2024-05-08", "customer": 19, "railcar": 164, "seller_name": "FT & R Inc.", "seller_address": "9313 Billy the Kid St. El Paso, TX 79907", "seller_contact": "Sally Flores", "total_amount_due": "1650.00", "invoice_timestamp": "2024-04-23T15:43:02.246Z", "is_paid": true, "proof_of_payment": "proofs_of_payment/germ.jpeg"}}, {"model": "myapp.invoice", "pk": 136, "fields": {"email_sent": false, "issue_date": "2024-04-23", "due_date": "2024-05-08", "customer": 20, "railcar": 165, "seller_name": "FT & R Inc.", "seller_address": "9313 Billy the Kid St. El Paso, TX 79907", "seller_contact": "Sally Flores", "total_amount_due": "2500.00", "invoice_timestamp": "2024-04-23T17:26:35.240Z", "is_paid": true, "proof_of_payment": "proofs_of_payment/IMG_2952_Er0KNz9.jpg"}}, {"model": "myapp.invoice", "pk": 137, "fields": {"email_sent": false, "issue_date": "2024-04-24", "due_date": "2024-05-09", "customer": 15, "railcar": 166, "seller_name": "FT & R Inc.", "seller_address": "9313 Billy the Kid St. El Paso, TX 79907", "seller_contact": "Sally Flores", "total_amount_due": "825.00", "invoice_timestamp": "2024-04-24T18:37:53.050Z", "is_paid": true, "proof_of_payment": "proofs_of_payment/germ_1.jpeg"}}, {"model": "myapp.invoice", "pk": 138, "fields": {"email_sent": false, "issue_date": "2024-04-24", "due_date": "2024-05-09", "customer": 15, "railcar": 168, "seller_name": "FT & R Inc.", "seller_address": "9313 Billy the Kid St. El Paso, TX 79907", "seller_contact": "Sally Flores", "total_amount_due": "825.00", "invoice_timestamp": "2024-04-24T22:47:33.081Z", "is_paid": false, "proof_of_payment": ""}}, {"model": "myapp.invoice", "pk": 139, "fields": {"email_sent": false, "issue_date": "2024-04-24", "due_date": "2024-05-09", "customer": 23, "railcar": 169, "seller_name": "FT & R Inc.", "seller_address": "9313 Billy the Kid St. El Paso, TX 79907", "seller_contact": "Sally Flores", "total_amount_due": "730.00", "invoice_timestamp": "2024-04-24T22:47:50.068Z", "is_paid": false, "proof_of_payment": ""}}]